E,I,rate,branch,assigned_linear,assigned_sqrt
0,0,0.00020000000000000001,charge,0,0
0.0050000000000000001,9.0787764379367735e-10,0.00020000000000000001,charge,3.4961440260948667e-10,5.5826324118419068e-10
0.01,3.6321163043941246e-09,0.00020000000000000001,charge,1.399614247957671e-09,2.2325020564364538e-09
0.014999999999999999,8.1725412840072875e-09,0.00020000000000000001,charge,3.1514770430930897e-09,5.0210642409141983e-09
0.02,1.452756157737398e-08,0.00020000000000000001,charge,5.6063636498178201e-09,8.9211979275561601e-09
0.025000000000000001,2.2694207543019059e-08,0.00020000000000000001,charge,8.7651532202932107e-09,1.3929054322725847e-08
0.029999999999999999,3.2668171536195569e-08,0.00020000000000000001,charge,1.2628480003357463e-08,2.0039691532838103e-08
0.035000000000000003,4.4443851335584077e-08,0.00020000000000000001,charge,1.7196771854207808e-08,2.7247079481376273e-08
0.040000000000000001,5.8014396165189583e-08,0.00020000000000000001,charge,2.2470290249483038e-08,3.5544105915706548e-08
0.044999999999999998,7.3371755081356166e-08,0.00020000000000000001,charge,2.8449171577935229e-08,4.4922583503420937e-08
0.050000000000000003,9.0506727462722472e-08,0.00020000000000000001,charge,3.5133469444044789e-08,5.5373258018677684e-08
0.055,1.0940901530865849e-07,0.00020000000000000001,charge,4.2523197688393552e-08,6.6885817620264935e-08
0.059999999999999998,1.3006727701970704e-07,0.00020000000000000001,charge,5.0618373794686258e-08,7.9448903225020792e-08
0.065000000000000002,1.5246918230231856e-07,0.00020000000000000001,charge,5.9419062319361217e-08,9.3050119982957354e-08
0.070000000000000007,1.7660146781030288e-07,0.00020000000000000001,charge,6.8925417946152671e-08,1.0767604986415021e-07
0.074999999999999997,2.0244999310759046e-07,0.00020000000000000001,charge,7.9137727735194309e-08,1.2331226537239615e-07
0.080000000000000002,2.2999979651182836e-07,0.00020000000000000001,charge,9.0056452104747503e-08,1.3994334440708086e-07
0.085000000000000006,2.5923515035685516e-07,0.00020000000000000001,charge,1.0168226405389851e-07,1.5755288630295665e-07
0.089999999999999997,2.901396151951023e-07,0.00020000000000000001,charge,1.1401608610711576e-07,1.7612352908798651e-07
0.095000000000000001,3.2269609244942627e-07,0.00020000000000000001,charge,1.2705912443693157e-07,1.9563696801249473e-07
0.10000000000000001,3.5688687501886491e-07,0.00020000000000000001,charge,1.4081289959977403e-07,2.1607397541909088e-07
0.105,3.9269369534545716e-07,0.00020000000000000001,charge,1.5527927330268861e-07,2.3741442204276853e-07
0.11,4.3009777046081412e-07,0.00020000000000000001,charge,1.7046047060592541e-07,2.5963729985488871e-07
0.115,4.6907984355285388e-07,0.00020000000000000001,charge,1.8635909695869122e-07,2.8272074659416268e-07
0.12,5.0962022162639679e-07,0.00020000000000000001,charge,2.0297814946332437e-07,3.0664207216307242e-07
0.125,5.5169880887757755e-07,0.00020000000000000001,charge,2.2032102176727678e-07,3.313777871103008e-07
0.13,5.9529513546271448e-07,0.00020000000000000001,charge,2.3839150199306688e-07,3.5690363346964755e-07
0.13500000000000001,6.4038838141890283e-07,0.00020000000000000001,charge,2.5719376313427366e-07,3.8319461828462917e-07
0.14000000000000001,6.8695739558760759e-07,0.00020000000000000001,charge,2.7673234537105094e-07,4.1022505021655666e-07
0.14499999999999999,7.3498070950540419e-07,0.00020000000000000001,charge,2.9701212979192411e-07,4.3796857971348002e-07
0.14999999999999999,7.8443654635912298e-07,0.00020000000000000001,charge,3.1803830305004228e-07,4.6639824330908076e-07
0.155,8.3530282525721579e-07,0.00020000000000000001,charge,3.3981631253178507e-07,4.9548651272543073e-07
0.16,8.8755716124632154e-07,0.00020000000000000001,charge,3.6235181167379572e-07,5.2520534957252587e-07
0.16500000000000001,9.4117686170252003e-07,0.00020000000000000001,charge,3.8565059513109164e-07,5.5552626657142844e-07
0.17000000000000001,9.9613891995118086e-07,0.00020000000000000001,charge,4.0971852357383082e-07,5.8642039637735009e-07
0.17500000000000002,1.0524200072177295e-06,0.00020000000000000001,charge,4.3456143797334734e-07,6.1785856924438213e-07
0.17999999999999999,1.109996464283607e-06,0.00020000000000000001,charge,4.6018506332889345e-07,6.4981140095471356e-07
0.185,1.1688442945161714e-06,0.00020000000000000001,charge,4.8659490188467441e-07,6.8224939263149697e-07
0.19,1.2289391602564885e-06,0.00020000000000000001,charge,5.1379611599168293e-07,7.151430442648056e-07
0.19500000000000001,1.2902563848821252e-06,0.00020000000000000001,charge,5.4179340087978298e-07,7.4846298400234225e-07
0.20000000000000001,1.3527709632095795e-06,0.00020000000000000001,charge,5.7059084772167803e-07,7.8218011548790154e-07
0.20500000000000002,1.4164575832579316e-06,0.00020000000000000001,charge,6.0019179749083959e-07,8.1626578576709209e-07
0.20999999999999999,1.4812906627554847e-06,0.00020000000000000001,charge,6.3059868623909839e-07,8.506919765163862e-07
0.215,1.5472444041270455e-06,0.00020000000000000001,charge,6.618128825452476e-07,8.8543152158179783e-07
0.22,1.6142928720418455e-06,0.00020000000000000001,charge,6.9383451801235407e-07,9.2045835402949139e-07
0.22500000000000001,1.6824100979201385e-06,0.00020000000000000001,charge,7.2666231181717105e-07,9.5574778610296758e-07
0.23000000000000001,1.7515702160776876e-06,0.00020000000000000001,charge,7.6029339043858932e-07,9.9127682563909826e-07
0.23500000000000001,1.8217476364173889e-06,0.00020000000000000001,charge,7.9472310381196858e-07,1.0270245326054203e-06
0.23999999999999999,1.8929172587401419e-06,0.00020000000000000001,charge,8.2994483927081518e-07,1.0629724194693268e-06
0.245,1.9650547338251478e-06,0.00020000000000000001,charge,8.6594983474507737e-07,1.0991048990800705e-06
0.25,2.0381367764038929e-06,0.00020000000000000001,charge,9.0272699278459998e-07,1.1354097836192927e-06
0.255,2.1121415350018576e-06,0.00020000000000000001,charge,9.4026269706548509e-07,1.1718788379363724e-06
0.26000000000000001,2.1870490233260946e-06,0.00020000000000000001,charge,9.7854063311456983e-07,1.2085083902115248e-06
0.26500000000000001,2.2628416174136145e-06,0.00020000000000000001,charge,1.0175416150515105e-06,1.245300002362104e-06
0.27000000000000002,2.3395046221032527e-06,0.00020000000000000001,charge,1.057243420197501e-06,1.2822612019057516e-06
0.27500000000000002,2.4170269095315919e-06,0.00020000000000000001,charge,1.0976206334331744e-06,1.3194062760984173e-06
0.28000000000000003,2.4954016312622198e-06,0.00020000000000000001,charge,1.1386445032044542e-06,1.3567571280577653e-06
0.28500000000000003,2.5746270043202987e-06,0.00020000000000000001,charge,1.1802828110729632e-06,1.3943441932473356e-06
0.28999999999999998,2.6547071698077749e-06,0.00020000000000000001,charge,1.2224997566861377e-06,1.4322074131216372e-06
0.29499999999999998,2.7356531209097821e-06,0.00020000000000000001,charge,1.2652558600007204e-06,1.4703972609090618e-06
0.29999999999999999,2.8174836949668797e-06,0.00020000000000000001,charge,1.3085078825312506e-06,1.5089758124356293e-06
0.30499999999999999,2.9002266218846299e-06,0.00020000000000000001,charge,1.3522087693122704e-06,1.5480178525723592e-06
0.31,2.9839196184938365e-06,0.00020000000000000001,charge,1.3963076131591728e-06,1.5876120053346634e-06
0.315,3.0686115155828392e-06,0.00020000000000000001,charge,1.4407496426880382e-06,1.627861872894801e-06
0.32000000000000001,3.154363401229614e-06,0.00020000000000000001,charge,1.4854762354100318e-06,1.6688871658195825e-06
0.32500000000000001,3.2412497608090889e-06,0.00020000000000000001,charge,1.5304249570515212e-06,1.7108248037575679e-06
0.33000000000000002,3.3293595906954407e-06,0.00020000000000000001,charge,1.5755296280681367e-06,1.753829962627304e-06
0.33500000000000002,3.4187974592878654e-06,0.00020000000000000001,charge,1.6207204181206901e-06,1.7980770411671751e-06
0.34000000000000002,3.5096844856418803e-06,0.00020000000000000001,charge,1.6659239690647574e-06,1.8437605165771229e-06
0.34500000000000003,3.6021592027792873e-06,0.00020000000000000001,charge,1.7110635467755255e-06,1.8910956560037618e-06
0.35000000000000003,3.6963782697829008e-06,0.00020000000000000001,charge,1.7560592218872477e-06,1.9403190478956531e-06
0.35499999999999998,3.7925169941714892e-06,0.00020000000000000001,charge,1.8008280792744828e-06,1.9916889148970063e-06
0.35999999999999999,3.8907696239194184e-06,0.00020000000000000001,charge,1.8452844558427048e-06,2.0454851680767134e-06
0.36499999999999999,3.9913493669632314e-06,0.00020000000000000001,charge,1.8893402059313715e-06,2.1020091610318599e-06
0.37,4.094488095256341e-06,0.00020000000000000001,charge,1.9329049933659101e-06,2.1615831018904309e-06
0.375,4.200435690524787e-06,0.00020000000000000001,charge,1.9758866089290966e-06,2.2245490815956904e-06
0.38,4.3094589899692693e-06,0.00020000000000000001,charge,2.0181913117600002e-06,2.2912676782092691e-06
0.38500000000000001,4.4218402923692087e-06,0.00020000000000000001,charge,2.0597241929328692e-06,2.3621160994363391e-06
0.39000000000000001,4.5378753884778302e-06,0.00020000000000000001,charge,2.1003895592221299e-06,2.4374858292556999e-06
0.39500000000000002,4.6578710843380081e-06,0.00020000000000000001,charge,2.1400913348259916e-06,2.5177797495120166e-06
0.40000000000000002,4.7821421922570187e-06,0.00020000000000000001,charge,2.1787334786027856e-06,2.6034087136542327e-06
0.40500000000000003,4.9110079716850636e-06,0.00020000000000000001,charge,2.2162204141740168e-06,2.6947875575110468e-06
0.41000000000000003,5.044788011143142e-06,0.00020000000000000001,charge,2.2524574700687106e-06,2.7923305410744314e-06
0.41500000000000004,5.1837975525967134e-06,0.00020000000000000001,charge,2.2873513269274191e-06,2.8964462256692943e-06
0.41999999999999998,5.3283422711862863e-06,0.00020000000000000001,charge,2.3208104686535183e-06,3.007531802532768e-06
0.42499999999999999,5.4787125358715842e-06,0.00020000000000000001,charge,2.3527456342960309e-06,3.1259669015755533e-06
0.42999999999999999,5.6351771901421206e-06,0.00020000000000000001,charge,2.3830702673739302e-06,3.2521069227681908e-06
0.435,5.7979769062654026e-06,0.00020000000000000001,charge,2.4117009593080082e-06,3.3862759469573949e-06
0.44,5.967317181309178e-06,0.00020000000000000001,charge,2.4385578836140011e-06,3.5287592976951769e-06
0.44500000000000001,6.1433610580669701e-06,0.00020000000000000001,charge,2.4635652175304382e-06,3.6797958405365319e-06
0.45000000000000001,6.3262216686775475e-06,0.00020000000000000001,charge,2.4866515478068687e-06,3.8395701208706784e-06
0.45500000000000002,6.5159547127674093e-06,0.00020000000000000001,charge,2.5077502574627496e-06,4.0082044553046597e-06
0.46000000000000002,6.7125509949438842e-06,0.00020000000000000001,charge,2.5267998904437787e-06,4.1857511045001055e-06
0.46500000000000002,6.9159291579938677e-06,0.00020000000000000001,charge,2.543744491250095e-06,4.3721846667437723e-06
0.47000000000000003,7.1259287577641184e-06,0.00020000000000000001,charge,2.5585339167882666e-06,4.5673948409758518e-06
0.47500000000000003,7.3423038329879686e-06,0.00020000000000000001,charge,2.5711241179047531e-06,4.7711797150832154e-06
0.47999999999999998,7.5647171278771134e-06,0.00020000000000000001,charge,2.5814773882907207e-06,4.9832397395863927e-06
0.48499999999999999,7.7927351267501049e-06,0.00020000000000000001,charge,2.5895625787043203e-06,5.203172548045785e-06
0.48999999999999999,8.0258240580069941e-06,0.00020000000000000001,charge,2.5953552747343644e-06,5.4304687832726293e-06
0.495,8.2633470191334286e-06,0.00020000000000000001,charge,2.5988379366258569e-06,5.6645090825075712e-06
0.5,8.5045623649571736e-06,0.00020000000000000001,charge,2.6000000000000005e-06,5.9045623649571731e-06
0.505,8.7486234880056921e-06,0.00020000000000000001,charge,2.5988379366258569e-06,6.1497855513798347e-06
0.51000000000000001,8.994580102545426e-06,0.00020000000000000001,charge,2.5953552747343644e-06,6.399224827811062e-06
0.51500000000000001,9.2413811228492277e-06,0.00020000000000000001,charge,2.5895625787043203e-06,6.6518185441449069e-06
0.52000000000000002,9.4878792016777014e-06,0.00020000000000000001,charge,2.5814773882907207e-06,6.9064018133869799e-06
0.52500000000000002,9.7328369672254465e-06,0.00020000000000000001,charge,2.5711241179047531e-06,7.1617128493206925e-06
0.53000000000000003,9.9749349663373902e-06,0.00020000000000000001,charge,2.5585339167882662e-06,7.4164010495491244e-06
0.53500000000000003,1.0212781289211131e-05,0.00020000000000000001,charge,2.543744491250095e-06,7.6690367979610361e-06
0.54000000000000004,1.0444922816730539e-05,0.00020000000000000001,charge,2.5267998904437774e-06,7.9181229262867621e-06
0.54500000000000004,1.0669857996766892e-05,0.00020000000000000001,charge,2.5077502574627496e-06,8.1621077393041428e-06
0.55000000000000004,1.088605102104351e-05,0.00020000000000000001,charge,2.4866515478068679e-06,8.399399473236642e-06
0.55500000000000005,1.1091947240339358e-05,0.00020000000000000001,charge,2.4635652175304374e-06,8.6283820228089195e-06
0.56000000000000005,1.1285989623778383e-05,0.00020000000000000001,charge,2.4385578836140007e-06,8.8474317401643817e-06
0.56500000000000006,1.1466636038583802e-05,0.00020000000000000001,charge,2.4117009593080082e-06,9.0549350792757933e-06
0.57000000000000006,1.1632377100809908e-05,0.00020000000000000001,charge,2.3830702673739302e-06,9.2493068334359791e-06
0.57500000000000007,1.1781754325983805e-05,0.00020000000000000001,charge,2.3527456342960309e-06,9.4290086916877748e-06
0.57999999999999996,1.1913378291999967e-05,0.00020000000000000001,charge,2.3208104686535187e-06,9.5925678233464485e-06
0.58499999999999996,1.2025946515612471e-05,0.00020000000000000001,charge,2.2873513269274199e-06,9.7385951886850507e-06
0.58999999999999997,1.2118260738936455e-05,0.00020000000000000001,charge,2.2524574700687106e-06,9.8658032688677438e-06
0.59499999999999997,1.2189243323831552e-05,0.00020000000000000001,charge,2.2162204141740172e-06,9.9730229096575348e-06
0.59999999999999998,1.223795246006473e-05,0.00020000000000000001,charge,2.178733478602786e-06,1.0059218981461944e-05
0.60499999999999998,1.2263595907738784e-05,0.00020000000000000001,charge,2.1400913348259924e-06,1.0123504572912792e-05
0.60999999999999999,1.2265543015450422e-05,0.00020000000000000001,charge,2.1003895592221299e-06,1.0165153456228292e-05
0.61499999999999999,1.2243334782660022e-05,0.00020000000000000001,charge,2.0597241929328692e-06,1.0183610589727153e-05
0.62,1.2196691767295844e-05,0.00020000000000000001,charge,2.0181913117600002e-06,1.0178500455535843e-05
0.625,1.2125519677004356e-05,0.00020000000000000001,charge,1.9758866089290966e-06,1.0149633068075259e-05
0.63,1.2029912523879594e-05,0.00020000000000000001,charge,1.932904993365911e-06,1.0097007530513683e-05
0.63500000000000001,1.1910153267023726e-05,0.00020000000000000001,charge,1.8893402059313721e-06,1.0020813061092354e-05
0.64000000000000001,1.1766711913878328e-05,0.00020000000000000001,charge,1.8452844558427044e-06,9.9214274580356244e-06
0.64500000000000002,1.1600241098827257e-05,0.00020000000000000001,charge,1.800828079274483e-06,9.799413019552775e-06
0.65000000000000002,1.1411569204977658e-05,0.00020000000000000001,charge,1.756059221887248e-06,9.6555099830904102e-06
0.65500000000000003,1.1201691141144404e-05,0.00020000000000000001,charge,1.7110635467755251e-06,9.4906275943688779e-06
0.66000000000000003,1.0971756929793589e-05,0.00020000000000000001,charge,1.6659239690647563e-06,9.3058329607288321e-06
0.66500000000000004,1.0723058302004174e-05,0.00020000000000000001,charge,1.6207204181206897e-06,9.1023378838834837e-06
0.67000000000000004,1.0457013531436454e-05,0.00020000000000000001,charge,1.5755296280681363e-06,8.8814839033683172e-06
0.67500000000000004,1.0175150770024041e-05,0.00020000000000000001,charge,1.5304249570515212e-06,8.6447258129725196e-06
0.68000000000000005,9.8790901729470797e-06,0.00020000000000000001,charge,1.4854762354100312e-06,8.3936139375370481e-06
0.68500000000000005,9.5705251188740041e-06,0.00020000000000000001,charge,1.4407496426880378e-06,8.1297754761859661e-06
0.69000000000000006,9.2512028431264475e-06,0.00020000000000000001,charge,1.3963076131591726e-06,7.8548952299672747e-06
0.69500000000000006,8.9229048061595687e-06,0.00020000000000000001,charge,1.3522087693122704e-06,7.5706960368472987e-06
0.70000000000000007,8.5874271175727325e-06,0.00020000000000000001,charge,1.3085078825312502e-06,7.2789192350414821e-06
0.70499999999999996,8.2465613269706045e-06,0.00020000000000000001,charge,1.2652558600007214e-06,6.9813054669698829e-06
0.70999999999999996,7.9020758777492521e-06,0.00020000000000000001,charge,1.2224997566861385e-06,6.6795761210631138e-06
0.71499999999999997,7.5556984988105578e-06,0.00020000000000000001,charge,1.180282811072964e-06,6.3754156877375936e-06
0.71999999999999997,7.2090997829733031e-06,0.00020000000000000001,charge,1.1386445032044542e-06,6.0704552797688491e-06
0.72499999999999998,6.8638781702292061e-06,0.00020000000000000001,charge,1.0976206334331744e-06,5.7662575367960317e-06
0.72999999999999998,6.5215465198536373e-06,0.00020000000000000001,charge,1.0572434201975012e-06,5.4643030996561361e-06
0.73499999999999999,6.1835204186545323e-06,0.00020000000000000001,charge,1.0175416150515111e-06,5.165978803603021e-06
0.73999999999999999,5.8511083342913062e-06,0.00020000000000000001,charge,9.785406331145694e-07,4.872567701176737e-06
0.745,5.5255036835875747e-06,0.00020000000000000001,charge,9.4026269706548509e-07,4.5852409865220899e-06
0.75,5.2077788470415965e-06,0.00020000000000000001,charge,9.027269927846003e-07,4.3050518542569963e-06
0.755,4.8988811232040689e-06,0.00020000000000000001,charge,8.6594983474507747e-07,4.032931288458991e-06
0.76000000000000001,4.5996305810678091e-06,0.00020000000000000001,charge,8.2994483927081571e-07,3.7696857417969931e-06
0.76500000000000001,4.310719735831363e-06,0.00020000000000000001,charge,7.9472310381196858e-07,3.515996632019394e-06
0.77000000000000002,4.0327149439822821e-06,0.00020000000000000001,charge,7.6029339043858932e-07,3.2724215535436926e-06
0.77500000000000002,3.7660593880995648e-06,0.00020000000000000001,charge,7.2666231181717127e-07,3.0393970762823936e-06
0.78000000000000003,3.5110775004742049e-06,0.00020000000000000001,charge,6.938345180123545e-07,2.8172429824618504e-06
0.78500000000000003,3.2679806578355246e-06,0.00020000000000000001,charge,6.618128825452476e-07,2.6061677752902772e-06
0.79000000000000004,3.0368739672620904e-06,0.00020000000000000001,charge,6.3059868623909839e-07,2.406275281022992e-06
0.79500000000000004,2.8177639557363551e-06,0.00020000000000000001,charge,6.0019179749083959e-07,2.2175721582455156e-06
0.80000000000000004,2.6105669726410168e-06,0.00020000000000000001,charge,5.7059084772167824e-07,2.0399761249193388e-06
0.80500000000000005,2.4151181155550155e-06,0.00020000000000000001,charge,5.4179340087978245e-07,1.8733247146752329e-06
0.81000000000000005,2.2311804946589015e-06,0.00020000000000000001,charge,5.1379611599168272e-07,1.717384378667219e-06
0.81500000000000006,2.0584546594966144e-06,0.00020000000000000001,charge,4.8659490188467431e-07,1.57185975761194e-06
0.82000000000000006,1.8965880232981472e-06,0.00020000000000000001,charge,4.6018506332889345e-07,1.4364029599692538e-06
0.82500000000000007,1.745184134037156e-06,0.00020000000000000001,charge,4.3456143797334744e-07,1.3106226960638086e-06
0.83000000000000007,1.6038116573476516e-06,0.00020000000000000001,charge,4.0971852357383039e-07,1.1940931337738212e-06
0.83499999999999996,1.4720129538148039e-06,0.00020000000000000001,charge,3.8565059513109185e-07,1.086362358683712e-06
0.83999999999999997,1.349312151455484e-06,0.00020000000000000001,charge,3.6235181167379614e-07,9.869603397816878e-07
0.84499999999999997,1.2352226329061317e-06,0.00020000000000000001,charge,3.3981631253178507e-07,8.9540632037434652e-07
0.84999999999999998,1.1292538754648773e-06,0.00020000000000000001,charge,3.1803830305004243e-07,8.1121557241483482e-07
0.85499999999999998,1.030917600263616e-06,0.00020000000000000001,charge,2.9701212979192443e-07,7.339054704716916e-07
0.85999999999999999,9.3973320409828551e-07,0.00020000000000000001,charge,2.7673234537105115e-07,6.6300085872723431e-07
0.86499999999999999,8.5523246350520222e-07,0.00020000000000000001,charge,2.5719376313427355e-07,5.9803870037092867e-07
0.87,7.7696351528343039e-07,0.00020000000000000001,charge,2.3839150199306688e-07,5.3857201329036346e-07
0.875,7.0449413063571409e-07,0.00020000000000000001,charge,2.2032102176727691e-07,4.8417310886843718e-07
0.88,6.3741431130396662e-07,0.00020000000000000001,charge,2.0297814946332463e-07,4.3443616184064194e-07
0.88500000000000001,5.7533824543893369e-07,0.00020000000000000001,charge,1.8635909695869149e-07,3.8897914848024218e-07
0.89000000000000001,5.1790566845211312e-07,0.00020000000000000001,charge,1.7046047060592535e-07,3.4744519784618782e-07
0.89500000000000002,4.6478267978522711e-07,0.00020000000000000001,charge,1.5527927330268869e-07,3.095034064825384e-07
0.90000000000000002,4.1566207047554732e-07,0.00020000000000000001,charge,1.4081289959977414e-07,2.7484917087577321e-07
0.90500000000000003,3.7026321870750476e-07,0.00020000000000000001,charge,1.2705912443693175e-07,2.4320409427057301e-07
0.91000000000000003,3.2833161136395063e-07,0.00020000000000000001,charge,1.1401608610711564e-07,2.1431552525683497e-07
0.91500000000000004,2.8963804908776649e-07,0.00020000000000000001,charge,1.0168226405389843e-07,1.8795578503386804e-07
0.92000000000000004,2.5397759071359444e-07,0.00020000000000000001,charge,9.005645210474753e-08,1.6392113860884691e-07
0.92500000000000004,2.2116829031556364e-07,0.00020000000000000001,charge,7.9137727735194415e-08,1.4203056258036922e-07
0.93000000000000005,1.9104977672633683e-07,0.00020000000000000001,charge,6.8925417946152512e-08,1.221243587801843e-07
0.93500000000000005,1.634817213981764e-07,0.00020000000000000001,charge,5.9419062319361131e-08,1.0406265907881526e-07
0.94000000000000006,1.3834223607170917e-07,0.00020000000000000001,charge,5.0618373794686258e-08,8.7723862277022907e-08
0.94500000000000006,1.1552623705413121e-07,0.00020000000000000001,charge,4.2523197688393572e-08,7.3003039365737634e-08
0.95000000000000007,9.4943808131704622e-08,0.00020000000000000001,charge,3.5133469444044835e-08,5.9810338687659793e-08
0.95500000000000007,7.6518589380395485e-08,0.00020000000000000001,charge,2.8449171577935127e-08,4.8069417802460362e-08
0.95999999999999996,6.0186214503485849e-08,0.00020000000000000001,charge,2.2470290249483141e-08,3.7715924254002709e-08
0.96499999999999997,4.5892814907055078e-08,0.00020000000000000001,charge,1.719677185420792e-08,2.8696043052847161e-08
0.96999999999999997,3.3593604595583245e-08,0.00020000000000000001,charge,1.2628480003357475e-08,2.0965124592225772e-08
0.97499999999999998,2.3251556184429942e-08,0.00020000000000000001,charge,8.7651532202932388e-09,1.4486402964136705e-08
0.97999999999999998,1.4836174920590864e-08,0.00020000000000000001,charge,5.6063636498178573e-09,9.2298112707730074e-09
0.98499999999999999,8.3223745992003052e-09,0.00020000000000000001,charge,3.1514770430931298e-09,5.1708975561071763e-09
0.98999999999999999,3.6894566683090638e-09,0.00020000000000000001,charge,1.3996142479576656e-09,2.2898424203513984e-09
0.995,9.2019162423205307e-10,0.00020000000000000001,charge,3.4961440260948833e-10,5.7057722162256474e-10
1,0,0.00020000000000000001,charge,0,0
0,0,0.00040000000000000002,charge,0,0
0.0050000000000000001,1.488732252276018e-09,0.00040000000000000002,charge,6.9922880521897335e-10,7.8950344705704459e-10
0.01,5.9564631821535999e-09,0.00040000000000000002,charge,2.799228495915342e-09,3.1572346862382579e-09
0.014999999999999999,1.3403811233233609e-08,0.00040000000000000002,charge,6.3029540861861794e-09,7.1008571470474294e-09
0.02,2.3829206401400312e-08,0.00040000000000000002,charge,1.121272729963564e-08,1.261647910176467e-08
0.025000000000000001,3.72289639748169e-08,0.00040000000000000002,charge,1.7530306440586421e-08,1.9698657534230479e-08
0.029999999999999999,5.3597363558227846e-08,0.00040000000000000002,charge,2.5256960006714926e-08,2.8340403551512923e-08
0.035000000000000003,7.2926733046035618e-08,0.00040000000000000002,charge,3.4393543708415615e-08,3.8533189337620003e-08
0.040000000000000001,9.5207537147384027e-08,0.00040000000000000002,charge,4.4940580498966076e-08,5.0266956648417957e-08
0.044999999999999998,1.2042847000324624e-07,0.00040000000000000002,charge,5.6898343155870458e-08,6.3530126847375765e-08
0.050000000000000003,1.4857655137088831e-07,0.00040000000000000002,charge,7.0266938888089577e-08,7.8309612482798721e-08
0.055,1.796372257857791e-07,0.00040000000000000002,charge,8.5046395376787105e-08,9.4590830408991998e-08
0.059999999999999998,2.1359446404586444e-07,0.00040000000000000002,charge,1.0123674758937252e-07,1.1235771645649192e-07
0.065000000000000002,2.5043086629906448e-07,0.00040000000000000002,charge,1.1883812463872243e-07,1.3159274166034203e-07
0.070000000000000007,2.9012776595294818e-07,0.00040000000000000002,charge,1.3785083589230534e-07,1.5227693006064287e-07
0.074999999999999997,3.3266533356698145e-07,0.00040000000000000002,charge,1.5827545547038862e-07,1.743898780965928e-07
0.080000000000000002,3.7802267983383779e-07,0.00040000000000000002,charge,1.8011290420949501e-07,1.9790977562434275e-07
0.085000000000000006,4.2617795670846452e-07,0.00040000000000000002,charge,2.0336452810779702e-07,2.2281342860066753e-07
0.089999999999999997,4.7710845570347433e-07,0.00040000000000000002,charge,2.2803217221423152e-07,2.4907628348924281e-07
0.095000000000000001,5.3079070233868454e-07,0.00040000000000000002,charge,2.5411824887386314e-07,2.7667245346482141e-07
0.10000000000000001,5.8720054571309717e-07,0.00040000000000000002,charge,2.8162579919954807e-07,3.055747465135491e-07
0.105,6.4631324216123042e-07,0.00040000000000000002,charge,3.1055854660537722e-07,3.3575469555585315e-07
0.11,7.0810353196456453e-07,0.00040000000000000002,charge,3.4092094121185081e-07,3.6718259075271367e-07
0.115,7.7254570811509443e-07,0.00040000000000000002,charge,3.7271819391738245e-07,3.9982751419771193e-07
0.12,8.3961367617385503e-07,0.00040000000000000002,charge,4.0595629892664873e-07,4.336573772472063e-07
0.125,9.0928100433512524e-07,0.00040000000000000002,charge,4.4064204353455355e-07,4.6863896080057163e-07
0.13,9.8152096289914544e-07,0.00040000000000000002,charge,4.7678300398613376e-07,5.0473795891301169e-07
0.13500000000000001,1.056306552475051e-06,0.00040000000000000002,charge,5.1438752626854731e-07,5.4191902620650371e-07
0.14000000000000001,1.1336105203835404e-06,0.00040000000000000002,charge,5.5346469074210187e-07,5.8014582964143844e-07
0.14499999999999999,1.2134053649079339e-06,0.00040000000000000002,charge,5.9402425958384823e-07,6.1938110532408552e-07
0.14999999999999999,1.2956633272547733e-06,0.00040000000000000002,charge,6.3607660610008455e-07,6.5958672115468866e-07
0.155,1.3803563713328234e-06,0.00040000000000000002,charge,6.7963262506357014e-07,7.0072374626925322e-07
0.16,1.4674561517439598e-06,0.00040000000000000002,charge,7.2470362334759144e-07,7.427525283963685e-07
0.16500000000000001,1.5569339707019888e-06,0.00040000000000000002,charge,7.7130119026218328e-07,7.8563278043980539e-07
0.17000000000000001,1.6487607249567163e-06,0.00040000000000000002,charge,8.1943704714766163e-07,8.293236778090547e-07
0.17500000000000002,1.742906844200536e-06,0.00040000000000000002,charge,8.6912287594669467e-07,8.7378396825384135e-07
0.17999999999999999,1.839342222872604e-06,0.00040000000000000002,charge,9.203701266577869e-07,9.1897209621481709e-07
0.185,1.9380361477496185e-06,0.00040000000000000002,charge,9.7318980376934882e-07,9.6484634398026968e-07
0.19,2.0389572242194367e-06,0.00040000000000000002,charge,1.0275922319833659e-06,1.0113649922360709e-06
0.19500000000000001,2.1420733046699149e-06,0.00040000000000000002,charge,1.083586801759566e-06,1.0584865029103492e-06
0.20000000000000001,2.2473514229849003e-06,0.00040000000000000002,charge,1.1411816954433561e-06,1.106169727541544e-06
0.20500000000000002,2.3547577397146324e-06,0.00040000000000000002,charge,1.2003835949816792e-06,1.154374144732953e-06
0.20999999999999999,2.4642575030696447e-06,0.00040000000000000002,charge,1.2611973724781968e-06,1.2030601305914479e-06
0.215,2.5758150314641198e-06,0.00040000000000000002,charge,1.3236257650904952e-06,1.2521892663736244e-06
0.22,2.6893937238928306e-06,0.00040000000000000002,charge,1.3876690360247081e-06,1.3017246878681226e-06
0.22500000000000001,2.8049561049492188e-06,0.00040000000000000002,charge,1.4533246236343421e-06,1.3516314813148767e-06
0.23000000000000001,2.9224639117621412e-06,0.00040000000000000002,charge,1.5205867808771786e-06,1.4018771308849624e-06
0.23500000000000001,3.0418782305244113e-06,0.00040000000000000002,charge,1.5894462076239372e-06,1.4524320229004743e-06
0.23999999999999999,3.1631596905836952e-06,0.00040000000000000002,charge,1.6598896785416304e-06,1.5032700120420646e-06
0.245,3.2862687242399024e-06,0.00040000000000000002,charge,1.7318996694901547e-06,1.5543690547497477e-06
0.25,3.4111659004147048e-06,0.00040000000000000002,charge,1.8054539855692e-06,1.6057119148455051e-06
0.255,3.5378123401986103e-06,0.00040000000000000002,charge,1.8805253941309702e-06,1.6572869460676401e-06
0.26000000000000001,3.6661702219079545e-06,0.00040000000000000002,charge,1.9570812662291397e-06,1.7090889556788149e-06
0.26500000000000001,3.7962033826667555e-06,0.00040000000000000002,charge,2.035083230103021e-06,1.7611201525637347e-06
0.27000000000000002,3.9278780226349412e-06,0.00040000000000000002,charge,2.1144868403950019e-06,1.8133911822399395e-06
0.27500000000000002,4.0611635168049112e-06,0.00040000000000000002,charge,2.1952412668663488e-06,1.8659222499385622e-06
0.28000000000000003,4.1960333377545703e-06,0.00040000000000000002,charge,2.2772890064089085e-06,1.9187443313456618e-06
0.28500000000000003,4.3324660908524794e-06,0.00040000000000000002,charge,2.3605656221459263e-06,1.9719004687065535e-06
0.28999999999999998,4.4704466611401807e-06,0.00040000000000000002,charge,2.4449995133722753e-06,2.0254471477679054e-06
0.29499999999999998,4.6099674684552862e-06,0.00040000000000000002,charge,2.5305117200014407e-06,2.0794557484538455e-06
0.29999999999999999,4.751029824301928e-06,0.00040000000000000002,charge,2.6170157650625013e-06,2.1340140592394267e-06
0.30499999999999999,4.8936453805280453e-06,0.00040000000000000002,charge,2.7044175386245409e-06,2.1892278419035049e-06
0.31,5.0378376560489734e-06,0.00040000000000000002,charge,2.7926152263183456e-06,2.2452224297306278e-06
0.315,5.1836436236939709e-06,0.00040000000000000002,charge,2.8814992853760764e-06,2.3021443383178949e-06
0.32000000000000001,5.3311153347925133e-06,0.00040000000000000002,charge,2.9709524708200636e-06,2.3601628639724497e-06
0.32500000000000001,5.4803215544212836e-06,0.00040000000000000002,charge,3.0608499141030424e-06,2.4194716403182412e-06
0.33000000000000002,5.631349375380105e-06,0.00040000000000000002,charge,3.1510592561362734e-06,2.4802901192438316e-06
0.33500000000000002,5.7843057740516858e-06,0.00040000000000000002,charge,3.2414408362413802e-06,2.5428649378103052e-06
0.34000000000000002,5.9393190664409064e-06,0.00040000000000000002,charge,3.3318479381295148e-06,2.6074711283113912e-06
0.34500000000000003,6.0965402180164163e-06,0.00040000000000000002,charge,3.422127093551051e-06,2.6744131244653653e-06
0.35000000000000003,6.2561439566393785e-06,0.00040000000000000002,charge,3.5121184437744955e-06,2.7440255128648834e-06
0.35499999999999998,6.4183296340244646e-06,0.00040000000000000002,charge,3.6016561585489656e-06,2.8166734754754994e-06
0.35999999999999999,6.5833217780125074e-06,0.00040000000000000002,charge,3.6905689116854096e-06,2.8927528663270978e-06
0.36499999999999999,6.7513702756264903e-06,0.00040000000000000002,charge,3.778680411862743e-06,2.9726898637637473e-06
0.37,6.9227501256217716e-06,0.00040000000000000002,charge,3.8658099867318203e-06,3.0569401388899513e-06
0.375,7.0977606992154309e-06,0.00040000000000000002,charge,3.9517732178581932e-06,3.1459874813572381e-06
0.38,7.2767244490706614e-06,0.00040000000000000002,charge,4.0363826235200005e-06,3.2403418255506609e-06
0.38500000000000001,7.4599850095884438e-06,0.00040000000000000002,charge,4.1194483858657384e-06,3.3405366237227055e-06
0.39000000000000001,7.6479046362699007e-06,0.00040000000000000002,charge,4.2007791184442598e-06,3.4471255178256408e-06
0.39500000000000002,7.8408609384802119e-06,0.00040000000000000002,charge,4.2801826696519831e-06,3.560678268828228e-06
0.40000000000000002,8.0392428684556801e-06,0.00040000000000000002,charge,4.3574669572055712e-06,3.6817759112501094e-06
0.40500000000000003,8.2434459398944223e-06,0.00040000000000000002,charge,4.4324408283480335e-06,3.8110051115463892e-06
0.41000000000000003,8.4538666619534844e-06,0.00040000000000000002,charge,4.5049149401374212e-06,3.9489517218160632e-06
0.41500000000000004,8.6708961888807165e-06,0.00040000000000000002,charge,4.5747026538548381e-06,4.0961935350258783e-06
0.41999999999999998,8.8949132017172786e-06,0.00040000000000000002,charge,4.6416209373070365e-06,4.2532922644102412e-06
0.42499999999999999,9.1262760563296107e-06,0.00040000000000000002,charge,4.7054912685920618e-06,4.4207847877375498e-06
0.42999999999999999,9.3653142512140665e-06,0.00040000000000000002,charge,4.7661405347478605e-06,4.5991737164662068e-06
0.435,9.6123192887409598e-06,0.00040000000000000002,charge,4.8234019186160164e-06,4.7889173701249434e-06
0.44,9.8675350243786796e-06,0.00040000000000000002,charge,4.8771157672280022e-06,4.9904192571506774e-06
0.44500000000000001,1.0131147619511743e-05,0.00040000000000000002,charge,4.9271304350608765e-06,5.2040171844508665e-06
0.45000000000000001,1.0403275234231555e-05,0.00040000000000000002,charge,4.9733030956137374e-06,5.4299721386178174e-06
0.45500000000000002,1.0683957616381612e-05,0.00040000000000000002,charge,5.0155005149254992e-06,5.668457101456113e-06
0.46000000000000002,1.0973145761589769e-05,0.00040000000000000002,charge,5.0535997808875574e-06,5.9195459807022117e-06
0.46500000000000002,1.1270691835408923e-05,0.00040000000000000002,charge,5.0874889825001899e-06,6.1832028529087343e-06
0.47000000000000003,1.1576339562397489e-05,0.00040000000000000002,charge,5.1170678335765332e-06,6.4592717288209554e-06
0.47500000000000003,1.188971529739959e-05,0.00040000000000000002,charge,5.1422482358095062e-06,6.747467061590083e-06
0.47999999999999998,1.2210320000861089e-05,0.00040000000000000002,charge,5.1629547765814413e-06,7.0473652242796468e-06
0.48499999999999999,1.2537522342222365e-05,0.00040000000000000002,charge,5.1791251574086407e-06,7.3583971848137239e-06
0.48999999999999999,1.2870553152816602e-05,0.00040000000000000002,charge,5.1907105494687287e-06,7.6798426033478724e-06
0.495,1.3208501441919498e-05,0.00040000000000000002,charge,5.1976758732517139e-06,8.0108255686677847e-06
0.5,1.3550312176400192e-05,0.00040000000000000002,charge,5.200000000000001e-06,8.3503121764001913e-06
0.505,1.3894786005699179e-05,0.00040000000000000002,charge,5.1976758732517139e-06,8.6971101324474647e-06
0.51000000000000001,1.4240581089633767e-05,0.00040000000000000002,charge,5.1907105494687287e-06,9.0498705401650374e-06
0.51500000000000001,1.4586217156983224e-05,0.00040000000000000002,charge,5.1791251574086407e-06,9.4070919995745827e-06
0.52000000000000002,1.4930081888271445e-05,0.00040000000000000002,charge,5.1629547765814413e-06,9.7671271116900039e-06
0.52500000000000002,1.5270439677140492e-05,0.00040000000000000002,charge,5.1422482358095062e-06,1.0128191441330985e-05
0.53000000000000003,1.5605442781846962e-05,0.00040000000000000002,charge,5.1170678335765323e-06,1.0488374948270428e-05
0.53500000000000003,1.5933144832515021e-05,0.00040000000000000002,charge,5.0874889825001899e-06,1.0845655850014831e-05
0.54000000000000004,1.6251516611779632e-05,0.00040000000000000002,charge,5.0535997808875548e-06,1.1197916830892078e-05
0.54500000000000004,1.6558463977399822e-05,0.00040000000000000002,charge,5.0155005149254992e-06,1.1542963462474322e-05
0.55000000000000004,1.6851847746454428e-05,0.00040000000000000002,charge,4.9733030956137357e-06,1.1878544650840691e-05
0.55500000000000005,1.712950531305345e-05,0.00040000000000000002,charge,4.9271304350608748e-06,1.2202374877992575e-05
0.56000000000000005,1.7389273726338663e-05,0.00040000000000000002,charge,4.8771157672280013e-06,1.2512157959110662e-05
0.56500000000000006,1.762901391413574e-05,0.00040000000000000002,charge,4.8234019186160164e-06,1.2805611995519724e-05
0.57000000000000006,1.7846635701143169e-05,0.00040000000000000002,charge,4.7661405347478605e-06,1.3080495166395309e-05
0.57500000000000007,1.8040123240110706e-05,0.00040000000000000002,charge,4.7054912685920618e-06,1.3334631971518646e-05
0.57999999999999996,1.8207560451067344e-05,0.00040000000000000002,charge,4.6416209373070374e-06,1.3565939513760306e-05
0.58499999999999996,1.8347156048154608e-05,0.00040000000000000002,charge,4.5747026538548398e-06,1.377245339429977e-05
0.58999999999999997,1.8457267726675e-05,0.00040000000000000002,charge,4.5049149401374212e-06,1.3952352786537577e-05
0.59499999999999997,1.8536425085043307e-05,0.00040000000000000002,charge,4.4324408283480344e-06,1.4103984256695271e-05
0.59999999999999998,1.8583350867669925e-05,0.00040000000000000002,charge,4.357466957205572e-06,1.4225883910464354e-05
0.60499999999999998,1.8596980135411305e-05,0.00040000000000000002,charge,4.2801826696519848e-06,1.431679746575932e-05
0.60999999999999999,1.8576476999846051e-05,0.00040000000000000002,charge,4.2007791184442598e-06,1.4375697881401791e-05
0.61499999999999999,1.852124859578415e-05,0.00040000000000000002,charge,4.1194483858657384e-06,1.4401800209918412e-05
0.62,1.8430956012359518e-05,0.00040000000000000002,charge,4.0363826235200005e-06,1.4394573388839516e-05
0.625,1.8305521955840672e-05,0.00040000000000000002,charge,3.9517732178581932e-06,1.4353748737982479e-05
0.63,1.8145134975767545e-05,0.00040000000000000002,charge,3.865809986731822e-06,1.4279324989035723e-05
0.63500000000000001,1.7950250148865e-05,0.00040000000000000002,charge,3.7786804118627443e-06,1.4171569737002256e-05
0.64000000000000001,1.7721586180940212e-05,0.00040000000000000002,charge,3.6905689116854088e-06,1.4031017269254803e-05
0.64500000000000002,1.7460118954095982e-05,0.00040000000000000002,charge,3.601656158548966e-06,1.3858462795547017e-05
0.65000000000000002,1.7167071613489769e-05,0.00040000000000000002,charge,3.5121184437744959e-06,1.3654953169715272e-05
0.65500000000000003,1.6843901352939861e-05,0.00040000000000000002,charge,3.4221270935510501e-06,1.342177425938881e-05
0.66000000000000003,1.64922831203708e-05,0.00040000000000000002,charge,3.3318479381295127e-06,1.3160435182241288e-05
0.66500000000000004,1.611409052093182e-05,0.00040000000000000002,charge,3.2414408362413793e-06,1.2872649684690442e-05
0.67000000000000004,1.5711374246278084e-05,0.00040000000000000002,charge,3.1510592561362726e-06,1.256031499014181e-05
0.67500000000000004,1.5286338401805559e-05,0.00040000000000000002,charge,3.0608499141030424e-06,1.2225488487702517e-05
0.68000000000000005,1.4841315138608794e-05,0.00040000000000000002,charge,2.9709524708200623e-06,1.1870362667788731e-05
0.68500000000000005,1.4378738022846458e-05,0.00040000000000000002,charge,2.8814992853760755e-06,1.1497238737470382e-05
0.69000000000000006,1.3901114591557796e-05,0.00040000000000000002,charge,2.7926152263183452e-06,1.1108499365239451e-05
0.69500000000000006,1.3410998550538231e-05,0.00040000000000000002,charge,2.7044175386245409e-06,1.0706581011913691e-05
0.70000000000000007,1.2910962066676558e-05,0.00040000000000000002,charge,2.6170157650625005e-06,1.0293946301614057e-05
0.70499999999999996,1.2403568594459686e-05,0.00040000000000000002,charge,2.5305117200014428e-06,9.8730568744582427e-06
0.70999999999999996,1.1891346654683202e-05,0.00040000000000000002,charge,2.444999513372277e-06,9.4463471413109249e-06
0.71499999999999997,1.1376764953510626e-05,0.00040000000000000002,charge,2.360565622145928e-06,9.0161993313646972e-06
0.71999999999999997,1.0862209192837374e-05,0.00040000000000000002,charge,2.2772890064089085e-06,8.5849201864284664e-06
0.72499999999999998,1.0349960879539373e-05,0.00040000000000000002,charge,2.1952412668663488e-06,8.154719612673024e-06
0.72999999999999998,9.8421783928460512e-06,0.00040000000000000002,charge,2.1144868403950023e-06,7.7276915524510488e-06
0.73499999999999999,9.3408805170903506e-06,0.00040000000000000002,charge,2.0350832301030222e-06,7.3057972869873288e-06
0.73999999999999999,8.8479325928143748e-06,0.00040000000000000002,charge,1.9570812662291388e-06,6.8908513265852356e-06
0.745,8.3650353840194995e-06,0.00040000000000000002,charge,1.8805253941309702e-06,6.48450998988853e-06
0.75,7.893716704578886e-06,0.00040000000000000002,charge,1.8054539855692006e-06,6.0882627190096847e-06
0.755,7.4353257937476604e-06,0.00040000000000000002,charge,1.7318996694901549e-06,5.7034261242575054e-06
0.76000000000000001,6.9910303804754211e-06,0.00040000000000000002,charge,1.6598896785416314e-06,5.3311407019337893e-06
0.76500000000000001,6.5618163298838889e-06,0.00040000000000000002,charge,1.5894462076239372e-06,4.9723701222599517e-06
0.77000000000000002,6.1484897237007018e-06,0.00040000000000000002,charge,1.5205867808771786e-06,4.6279029428235236e-06
0.77500000000000002,5.7516811903500356e-06,0.00040000000000000002,charge,1.4533246236343425e-06,4.2983565667156933e-06
0.78000000000000003,5.3718522703226857e-06,0.00040000000000000002,charge,1.387669036024709e-06,3.9841832342979767e-06
0.78500000000000003,5.0093035787257223e-06,0.00040000000000000002,charge,1.3236257650904952e-06,3.6856778136352269e-06
0.79000000000000004,4.6641845097040425e-06,0.00040000000000000002,charge,1.2611973724781968e-06,3.4029871372258462e-06
0.79500000000000004,4.3365042167134626e-06,0.00040000000000000002,charge,1.2003835949816792e-06,3.1361206217317836e-06
0.80000000000000004,4.0261435982215959e-06,0.00040000000000000002,charge,1.1411816954433565e-06,2.8849619027782399e-06
0.80500000000000005,3.7328680199819877e-06,0.00040000000000000002,charge,1.0835868017595649e-06,2.6492812182224228e-06
0.81000000000000005,3.4563405121022376e-06,0.00040000000000000002,charge,1.0275922319833654e-06,2.4287482801188721e-06
0.81500000000000006,3.1961351911326395e-06,0.00040000000000000002,charge,9.7318980376934861e-07,2.2229453873632911e-06
0.82000000000000006,2.9517506736791633e-06,0.00040000000000000002,charge,9.203701266577869e-07,2.0313805470213766e-06
0.82500000000000007,2.7226232678741242e-06,0.00040000000000000002,charge,8.6912287594669489e-07,1.8535003919274292e-06
0.83000000000000007,2.5081397516671893e-06,0.00040000000000000002,charge,8.1943704714766078e-07,1.6887027045195286e-06
0.83499999999999996,2.3076495715643142e-06,0.00040000000000000002,charge,7.713011902621837e-07,1.5363483813021304e-06
0.83999999999999997,2.120476321391213e-06,0.00040000000000000002,charge,7.2470362334759229e-07,1.3957726980436208e-06
0.84499999999999997,1.9459283871715598e-06,0.00040000000000000002,charge,6.7963262506357014e-07,1.2662957621079894e-06
0.84999999999999998,1.7833086706173979e-06,0.00040000000000000002,charge,6.3607660610008487e-07,1.1472320645173129e-06
0.85499999999999998,1.631923329424722e-06,0.00040000000000000002,charge,5.9402425958384886e-07,1.0378990698408733e-06
0.85999999999999999,1.4910894970191653e-06,0.00040000000000000002,charge,5.5346469074210229e-07,9.3762480627706312e-07
0.86499999999999999,1.3601419671570941e-06,0.00040000000000000002,charge,5.143875262685471e-07,8.4575444088854701e-07
0.87,1.2384388494959487e-06,0.00040000000000000002,charge,4.7678300398613376e-07,7.6165584550981491e-07
0.875,1.1253662206326427e-06,0.00040000000000000002,charge,4.4064204353455382e-07,6.8472417709808887e-07
0.88,1.020341810986998e-06,0.00040000000000000002,charge,4.0595629892664926e-07,6.1438551206034872e-07
0.88500000000000001,9.2281778117847948e-07,0.00040000000000000002,charge,3.7271819391738298e-07,5.5009958726109644e-07
0.89000000000000001,8.3228265218733279e-07,0.00040000000000000002,charge,3.4092094121185071e-07,4.9136171097548209e-07
0.89500000000000002,7.4826246165365605e-07,0.00040000000000000002,charge,3.1055854660537737e-07,4.3770391504827868e-07
0.90000000000000002,6.7032122425906701e-07,0.00040000000000000002,charge,2.8162579919954828e-07,3.8869542505951874e-07
0.90500000000000003,5.9806077741597254e-07,0.00040000000000000002,charge,2.5411824887386351e-07,3.4394252854210909e-07
0.91000000000000003,5.3112009465956087e-07,0.00040000000000000002,charge,2.2803217221423128e-07,3.0308792244532961e-07
0.91500000000000004,4.6917414842917505e-07,0.00040000000000000002,charge,2.0336452810779686e-07,2.6580962032137819e-07
0.92000000000000004,4.1193240158976631e-07,0.00040000000000000002,charge,1.8011290420949506e-07,2.3181949738027128e-07
0.92500000000000004,3.5913700334302765e-07,0.00040000000000000002,charge,1.5827545547038883e-07,2.0086154787263879e-07
0.93000000000000005,3.1056076037535947e-07,0.00040000000000000002,charge,1.3785083589230502e-07,1.7270992448305442e-07
0.93500000000000005,2.6600494844459047e-07,0.00040000000000000002,charge,1.1883812463872226e-07,1.4716682380586823e-07
0.94000000000000006,2.2529702336528784e-07,0.00040000000000000002,charge,1.0123674758937252e-07,1.2406027577591533e-07
0.94500000000000006,1.8828828374227026e-07,0.00040000000000000002,charge,8.5046395376787144e-08,1.0324188836548312e-07
0.95000000000000007,1.5485153103030637e-07,0.00040000000000000002,charge,7.026693888808967e-08,8.4584592142216701e-08
0.95500000000000007,1.248787657474884e-07,0.00040000000000000002,charge,5.6898343155870253e-08,6.7980422591618142e-08
0.95999999999999996,9.8278952096413274e-08,0.00040000000000000002,charge,4.4940580498966281e-08,5.3338371597446993e-08
0.96499999999999997,7.497587698019453e-08,0.00040000000000000002,charge,3.439354370841584e-08,4.058233327177869e-08
0.96999999999999997,5.4906123541882338e-08,0.00040000000000000002,charge,2.5256960006714949e-08,2.9649163535167389e-08
0.97499999999999998,3.8017173982470413e-08,0.00040000000000000002,charge,1.7530306440586478e-08,2.0486867541883932e-08
0.97999999999999998,2.4265651576906952e-08,0.00040000000000000002,charge,1.1212727299635715e-08,1.3052924277271238e-08
0.98499999999999999,1.3615707539674921e-08,0.00040000000000000002,charge,6.3029540861862596e-09,7.3127534534886614e-09
0.98999999999999999,6.0375547024735128e-09,0.00040000000000000002,charge,2.7992284959153313e-09,3.2383262065581811e-09
0.995,1.5061468504187668e-09,0.00040000000000000002,charge,6.9922880521897665e-10,8.0691804519979019e-10
1,0,0.00040000000000000002,charge,0,0
0,0,0.00059999999999999995,charge,0,0
0.0050000000000000001,2.0157835055575562e-09,0.00059999999999999995,charge,1.0488432078284599e-09,9.6694029772909626e-10
0.01,8.0656497336229514e-09,0.00059999999999999995,charge,4.1988427438730124e-09,3.866806989749939e-09
0.014999999999999999,1.8151169502609915e-08,0.00059999999999999995,charge,9.454431129279267e-09,8.6967383733306476e-09
0.02,3.2271059024358895e-08,0.00059999999999999995,charge,1.6819090949453457e-08,1.5451968074905438e-08
0.025000000000000001,5.042128944922769e-08,0.00059999999999999995,charge,2.6295459660879629e-08,2.4125829788348062e-08
0.029999999999999999,7.2595203912955819e-08,0.00059999999999999995,charge,3.7885440010072386e-08,3.4709763902883426e-08
0.035000000000000003,9.8783641582234554e-08,0.00059999999999999995,charge,5.1590315562623409e-08,4.7193326019611151e-08
0.040000000000000001,1.2897506810406232e-07,0.00059999999999999995,charge,6.7410870748449111e-08,6.1564197355613225e-08
0.044999999999999998,1.6315571176898621e-07,0.00059999999999999995,charge,8.5347514733805674e-08,7.7808197035180552e-08
0.050000000000000003,2.0130970460110485e-07,0.00059999999999999995,charge,1.0540040833213435e-07,9.5909296268970485e-08
0.055,2.4341922748926512e-07,0.00059999999999999995,charge,1.2756959306518064e-07,1.1584963442408451e-07
0.059999999999999998,2.8946465837541756e-07,0.00059999999999999995,charge,1.5185512138405876e-07,1.3760953699135882e-07
0.065000000000000002,3.3942472241894581e-07,0.00059999999999999995,charge,1.7825718695808362e-07,1.6116753546086219e-07
0.070000000000000007,3.9327664296148603e-07,0.00059999999999999995,charge,2.0677625383845797e-07,1.8650038912302803e-07
0.074999999999999997,4.5099629202698933e-07,0.00059999999999999995,charge,2.374131832055829e-07,2.1358310882140642e-07
0.080000000000000002,5.1255833900841637e-07,0.00059999999999999995,charge,2.7016935631424248e-07,2.4238898269417389e-07
0.085000000000000006,5.7793639611753906e-07,0.00059999999999999995,charge,3.0504679216169547e-07,2.7288960395584353e-07
0.089999999999999997,6.4710315911007494e-07,0.00059999999999999995,charge,3.4204825832134726e-07,3.0505490078872763e-07
0.095000000000000001,7.2003054174716271e-07,0.00059999999999999995,charge,3.8117737331079463e-07,3.3885316843636808e-07
0.10000000000000001,7.9668980241857615e-07,0.00059999999999999995,charge,4.2243869879932202e-07,3.7425110361925407e-07
0.105,8.7705166133574123e-07,0.00059999999999999995,charge,4.6583781990806577e-07,4.1121384142767546e-07
0.11,9.6108640670643884e-07,0.00059999999999999995,charge,5.1138141181777611e-07,4.4970499488866268e-07
0.115,1.0487639883309691e-06,0.00059999999999999995,charge,5.5907729087607354e-07,4.8968669745489541e-07
0.12,1.1400540971146164e-06,0.00059999999999999995,charge,6.0893444838997304e-07,5.3111964872464346e-07
0.125,1.2349262290766141e-06,0.00059999999999999995,charge,6.609630653018302e-07,5.7396316377478403e-07
0.13,1.33334973255457e-06,0.00059999999999999995,charge,7.1517450597920048e-07,6.1817522657536956e-07
0.13500000000000001,1.4352938374587605e-06,0.00059999999999999995,charge,7.7158128940282097e-07,6.6371254805593952e-07
0.14000000000000001,1.5407276656257229e-06,0.00059999999999999995,charge,8.3019703611315265e-07,7.1053062951257018e-07
0.14499999999999999,1.6496202215582996e-06,0.00059999999999999995,charge,8.9103638937577218e-07,7.5858383218252727e-07
0.14999999999999999,1.7619403631223258e-06,0.00059999999999999995,charge,9.5411490915012672e-07,8.0782545397219903e-07
0.155,1.877656752100924e-06,0.00059999999999999995,charge,1.019448937595355e-06,8.5820781450556894e-07
0.16,1.9967377848879748e-06,0.00059999999999999995,charge,1.0870554350213871e-06,9.0968234986658774e-07
0.16500000000000001,2.1191515040340408e-06,0.00059999999999999995,charge,1.1569517853932749e-06,9.6219971864076593e-07
0.17000000000000001,2.2448654918417426e-06,0.00059999999999999995,charge,1.2291555707214923e-06,1.0157099211202503e-06
0.17500000000000002,2.3738467477431248e-06,0.00059999999999999995,charge,1.3036843139200417e-06,1.070162433823083e-06
0.17999999999999999,2.5060615517777554e-06,0.00059999999999999995,charge,1.3805551899866802e-06,1.1255063617910749e-06
0.185,2.6414753171247834e-06,0.00059999999999999995,charge,1.459784705654023e-06,1.1816906114707601e-06
0.19,2.7800524353211705e-06,0.00059999999999999995,charge,1.5413883479750486e-06,1.2386640873461218e-06
0.19500000000000001,2.9217561185160171e-06,0.00059999999999999995,charge,1.6253802026393488e-06,1.2963759158766683e-06
0.20000000000000001,3.0665482438601712e-06,0.00059999999999999995,charge,1.7117725431650339e-06,1.3547757006951374e-06
0.20500000000000002,3.2143892059012547e-06,0.00059999999999999995,charge,1.8005753924725184e-06,1.413813813428736e-06
0.20999999999999999,3.3652377836348659e-06,0.00059999999999999995,charge,1.891796058717295e-06,1.473441724917571e-06
0.215,3.519051029638435e-06,0.00059999999999999995,charge,1.9854386476357425e-06,1.5336123820026926e-06
0.22,3.675784189467362e-06,0.00059999999999999995,charge,2.0815035540370618e-06,1.5942806354303e-06
0.22500000000000001,3.8353906602033245e-06,0.00059999999999999995,charge,2.1799869354515126e-06,1.6554037247518116e-06
0.23000000000000001,3.9978219976882805e-06,0.00059999999999999995,charge,2.2808801713157678e-06,1.7169418263725129e-06
0.23500000000000001,4.1630279825281723e-06,0.00059999999999999995,charge,2.3841693114359053e-06,1.7788586710922668e-06
0.23999999999999999,4.3309567553777357e-06,0.00059999999999999995,charge,2.4898345178124452e-06,1.8411222375652907e-06
0.245,4.5015550322897765e-06,0.00059999999999999995,charge,2.5978495042352316e-06,1.9037055280545453e-06
0.25,4.6747684109931987e-06,0.00059999999999999995,charge,2.7081809783537993e-06,1.9665874326393999e-06
0.255,4.8505417788170261e-06,0.00059999999999999995,charge,2.8207880911964547e-06,2.0297536876205709e-06
0.26000000000000001,5.0288198325633446e-06,0.00059999999999999995,charge,2.9356218993437088e-06,2.0931979332196354e-06
0.26500000000000001,5.209547719911337e-06,0.00059999999999999995,charge,3.0526248451545306e-06,2.1569228747568068e-06
0.27000000000000002,5.392671810867599e-06,0.00059999999999999995,charge,3.1717302605925026e-06,2.2209415502750959e-06
0.27500000000000002,5.5781406063272318e-06,0.00059999999999999995,charge,3.2928619002995228e-06,2.2852787060277086e-06
0.28000000000000003,5.7659057889406449e-06,0.00059999999999999995,charge,3.4159335096133621e-06,2.3499722793272828e-06
0.28500000000000003,5.9559234191619107e-06,0.00059999999999999995,charge,3.5408484332188893e-06,2.4150749859430219e-06
0.28999999999999998,6.1481552765618766e-06,0.00059999999999999995,charge,3.6674992700584128e-06,2.4806560065034642e-06
0.29499999999999998,6.3425703432067664e-06,0.00059999999999999995,charge,3.7957675800021606e-06,2.5468027632046053e-06
0.29999999999999999,6.5391464221247856e-06,0.00059999999999999995,charge,3.9255236475937513e-06,2.6136227745310343e-06
0.30499999999999999,6.7378718796158044e-06,0.00059999999999999995,charge,4.0566263079368109e-06,2.6812455716789936e-06
0.31,6.9387474954234658e-06,0.00059999999999999995,charge,4.1889228394775176e-06,2.7498246559459483e-06
0.315,7.1417883996221388e-06,0.00059999999999999995,charge,4.322248928064114e-06,2.8195394715580249e-06
0.32000000000000001,7.3470260695292369e-06,0.00059999999999999995,charge,4.4564287062300948e-06,2.8905973632991422e-06
0.32500000000000001,7.554510354111724e-06,0.00059999999999999995,charge,4.5912748711545628e-06,2.9632354829571612e-06
0.33000000000000002,7.7643114873115254e-06,0.00059999999999999995,charge,4.7265888842044091e-06,3.0377226031071155e-06
0.33500000000000002,7.9765220455867313e-06,0.00059999999999999995,charge,4.8621612543620694e-06,3.1143607912246627e-06
0.34000000000000002,8.1912587988952881e-06,0.00059999999999999995,charge,4.9977719071942718e-06,3.1934868917010159e-06
0.34500000000000003,8.4086643984978863e-06,0.00059999999999999995,charge,5.1331906403265754e-06,3.2754737581713113e-06
0.35000000000000003,8.628908839510683e-06,0.00059999999999999995,charge,5.2681776656617424e-06,3.3607311738489402e-06
0.35499999999999998,8.8521906312967869e-06,0.00059999999999999995,charge,5.4024842378234471e-06,3.4497063934733402e-06
0.35999999999999999,9.0787376047655454e-06,0.00059999999999999995,charge,5.5358533675281138e-06,3.5428842372374317e-06
0.36499999999999999,9.3088072826765249e-06,0.00059999999999999995,charge,5.6680206177941141e-06,3.6407866648824108e-06
0.37,9.5426867373542891e-06,0.00059999999999999995,charge,5.7987149800977304e-06,3.7439717572565591e-06
0.375,9.7806918600417095e-06,0.00059999999999999995,charge,5.9276598267872898e-06,3.8530320332544197e-06
0.38,1.002316596767883e-05,0.00059999999999999995,charge,6.0545739352799999e-06,3.96859203239883e-06
0.38500000000000001,1.0270477676398763e-05,0.00059999999999999995,charge,6.1791725787986059e-06,4.0913050976001579e-06
0.39000000000000001,1.0523017976666417e-05,0.00059999999999999995,charge,6.3011686776663885e-06,4.221849299000029e-06
0.39500000000000002,1.0781196452900826e-05,0.00059999999999999995,charge,6.4202740044779734e-06,4.3609224484228534e-06
0.40000000000000002,1.1045436600725022e-05,0.00059999999999999995,charge,6.5362004358083559e-06,4.5092361649166653e-06
0.40500000000000003,1.131617020773562e-05,0.00059999999999999995,charge,6.6486612425220495e-06,4.66750896521357e-06
0.41000000000000003,1.159383077887334e-05,0.00059999999999999995,charge,6.7573724102061309e-06,4.8364583686672086e-06
0.41500000000000004,1.1878846005032585e-05,0.00059999999999999995,charge,6.8620539807822572e-06,5.0167920242503277e-06
0.41999999999999998,1.2171629293326513e-05,0.00059999999999999995,charge,6.9624314059605531e-06,5.2091978873659611e-06
0.42499999999999999,1.2472570399195611e-05,0.00059999999999999995,charge,7.0582369028880919e-06,5.4143334963075182e-06
0.42999999999999999,1.278202522400277e-05,0.00059999999999999995,charge,7.149210802121789e-06,5.6328144218809805e-06
0.435,1.3100304866502645e-05,0.00059999999999999995,charge,7.2351028779240237e-06,5.8652019885786203e-06
0.44,1.3427664042131117e-05,0.00059999999999999995,charge,7.3156736508420024e-06,6.1119903912891149e-06
0.44500000000000001,1.3764289009881208e-05,0.00059999999999999995,charge,7.3906956525913147e-06,6.3735933572898943e-06
0.45000000000000001,1.4110285171991993e-05,0.00059999999999999995,charge,7.4599546434206048e-06,6.6503305285713892e-06
0.45500000000000002,1.4465664536099854e-05,0.00059999999999999995,charge,7.5232507723882471e-06,6.9424137637116066e-06
0.46000000000000002,1.4830333252163063e-05,0.00059999999999999995,charge,7.5803996713313352e-06,7.2499335808317271e-06
0.46500000000000002,1.5204079456624096e-05,0.00059999999999999995,charge,7.6312334737502836e-06,7.5728459828738135e-06
0.47000000000000003,1.5586561673162946e-05,0.00059999999999999995,charge,7.6756017503647981e-06,7.9109599227981475e-06
0.47500000000000003,1.5977298032280387e-05,0.00059999999999999995,charge,7.7133723537142585e-06,8.263925678566128e-06
0.47999999999999998,1.6375656580132092e-05,0.00059999999999999995,charge,7.7444321648721603e-06,8.6312244152599322e-06
0.48499999999999999,1.6780846949875872e-05,0.00059999999999999995,charge,7.7686877361129597e-06,9.0121592137629141e-06
0.48999999999999999,1.7191913665748028e-05,0.00059999999999999995,charge,7.7860658242030927e-06,9.4058478415449353e-06
0.495,1.7607731340716048e-05,0.00059999999999999995,charge,7.7965138098775704e-06,9.8112175308384771e-06
0.5,1.8027002012564871e-05,0.00059999999999999995,charge,7.7999999999999999e-06,1.0227002012564871e-05
0.505,1.8448254840520428e-05,0.00059999999999999995,charge,7.7965138098775704e-06,1.0651741030642856e-05
0.51000000000000001,1.8869848355028051e-05,0.00059999999999999995,charge,7.7860658242030927e-06,1.1083782530824958e-05
0.51500000000000001,1.9289975417300778e-05,0.00059999999999999995,charge,7.7686877361129597e-06,1.1521287681187818e-05
0.52000000000000002,1.9706671003144237e-05,0.00059999999999999995,charge,7.7444321648721603e-06,1.1962238838272076e-05
0.52500000000000002,2.0117822877956568e-05,0.00059999999999999995,charge,7.7133723537142585e-06,1.2404450524242309e-05
0.53000000000000003,2.0521185177491026e-05,0.00059999999999999995,charge,7.6756017503647981e-06,1.2845583427126228e-05
0.53500000000000003,2.0914394852934132e-05,0.00059999999999999995,charge,7.6312334737502836e-06,1.3283161379183847e-05
0.54000000000000004,2.1294990880235959e-05,0.00059999999999999995,charge,7.5803996713313318e-06,1.3714591208904626e-05
0.54500000000000004,2.1660436073714169e-05,0.00059999999999999995,charge,7.5232507723882471e-06,1.4137185301325923e-05
0.55000000000000004,2.2008141284133732e-05,0.00059999999999999995,charge,7.4599546434206023e-06,1.4548186640713129e-05
0.55500000000000005,2.2335491703210282e-05,0.00059999999999999995,charge,7.3906956525913113e-06,1.4944796050618972e-05
0.56000000000000005,2.2639874941304233e-05,0.00059999999999999995,charge,7.3156736508420008e-06,1.5324201290462232e-05
0.56500000000000006,2.2918710494467418e-05,0.00059999999999999995,charge,7.2351028779240237e-06,1.5683607616543393e-05
0.57000000000000006,2.3169480172426913e-05,0.00059999999999999995,charge,7.1492108021217899e-06,1.6020269370305124e-05
0.57500000000000007,2.3389759021899866e-05,0.00059999999999999995,charge,7.0582369028880919e-06,1.6331522119011773e-05
0.57999999999999996,2.3577246251046994e-05,0.00059999999999999995,charge,6.9624314059605556e-06,1.6614814845086439e-05
0.58499999999999996,2.3729795641930584e-05,0.00059999999999999995,charge,6.8620539807822589e-06,1.6867741661148324e-05
0.58999999999999997,2.3845444929364174e-05,0.00059999999999999995,charge,6.7573724102061309e-06,1.7088072519158044e-05
0.59499999999999997,2.3922443627097296e-05,0.00059999999999999995,charge,6.6486612425220512e-06,1.7273782384575246e-05
0.59999999999999998,2.3959278796161696e-05,0.00059999999999999995,charge,6.5362004358083576e-06,1.7423078360353338e-05
0.60499999999999998,2.3954698275418798e-05,0.00059999999999999995,charge,6.4202740044779759e-06,1.7534424270940824e-05
0.60999999999999999,2.390773093058816e-05,0.00059999999999999995,charge,6.3011686776663885e-06,1.7606562252921773e-05
0.61499999999999999,2.381770352470249e-05,0.00059999999999999995,charge,6.1791725787986059e-06,1.7638530945903884e-05
0.62,2.3684253869131038e-05,0.00059999999999999995,charge,6.0545739352799999e-06,1.762967993385104e-05
0.625,2.3507339978874823e-05,0.00059999999999999995,charge,5.9276598267872898e-06,1.7579680152087533e-05
0.63,2.328724502735299e-05,0.00059999999999999995,charge,5.7987149800977321e-06,1.7488530047255259e-05
0.63500000000000001,2.3024577972755879e-05,0.00059999999999999995,charge,5.6680206177941158e-06,1.7356557354961762e-05
0.64000000000000001,2.2720269808454752e-05,0.00059999999999999995,charge,5.5358533675281129e-06,1.7184416440926638e-05
0.64500000000000002,2.23755654720408e-05,0.00059999999999999995,charge,5.402484237823448e-06,1.6973081234217353e-05
0.65000000000000002,2.1992011529362841e-05,0.00059999999999999995,charge,5.2681776656617432e-06,1.67238338637011e-05
0.65500000000000003,2.157143982948866e-05,0.00059999999999999995,charge,5.1331906403265746e-06,1.6438249189162087e-05
0.66000000000000003,2.1115947401925716e-05,0.00059999999999999995,charge,4.9977719071942684e-06,1.6118175494731449e-05
0.66500000000000004,2.0627872936907239e-05,0.00059999999999999995,charge,4.8621612543620685e-06,1.576571168254517e-05
0.67000000000000004,2.0109770251443485e-05,0.00059999999999999995,charge,4.7265888842044082e-06,1.5383181367239076e-05
0.67500000000000004,1.9564379196725134e-05,0.00059999999999999995,charge,4.5912748711545628e-06,1.4973104325570571e-05
0.68000000000000005,1.8994594505162521e-05,0.00059999999999999995,charge,4.4564287062300931e-06,1.4538165798932428e-05
0.68500000000000005,1.8403433106945669e-05,0.00059999999999999995,charge,4.3222489280641131e-06,1.4081184178881555e-05
0.69000000000000006,1.7794000465911255e-05,0.00059999999999999995,charge,4.1889228394775167e-06,1.3605077626433738e-05
0.69500000000000006,1.7169456492416673e-05,0.00059999999999999995,charge,4.0566263079368109e-06,1.3112830184479861e-05
0.70000000000000007,1.653298158687598e-05,0.00059999999999999995,charge,3.9255236475937505e-06,1.2607457939282231e-05
0.70499999999999996,1.5887743351952365e-05,0.00059999999999999995,charge,3.7957675800021636e-06,1.2091975771950202e-05
0.70999999999999996,1.5236864484763567e-05,0.00059999999999999995,charge,3.6674992700584149e-06,1.1569365214705153e-05
0.71499999999999997,1.4583392323752079e-05,0.00059999999999999995,charge,3.5408484332188914e-06,1.1042543890533187e-05
0.71999999999999997,1.3930270479247751e-05,0.00059999999999999995,charge,3.4159335096133621e-06,1.0514336969634389e-05
0.72499999999999998,1.3280312923557214e-05,0.00059999999999999995,charge,3.2928619002995228e-06,9.9874510232576915e-06
0.72999999999999998,1.2636180857153031e-05,0.00059999999999999995,charge,3.1717302605925031e-06,9.464450596560528e-06
0.73499999999999999,1.2000362603818847e-05,0.00059999999999999995,charge,3.0526248451545327e-06,8.9477377586643142e-06
0.73999999999999999,1.1375156721100904e-05,0.00059999999999999995,charge,2.935621899343708e-06,8.4395348217571952e-06
0.745,1.0762658444799956e-05,0.00059999999999999995,charge,2.8207880911964547e-06,7.9418703536035013e-06
0.75,1.0164749519145523e-05,0.00059999999999999995,charge,2.7081809783538006e-06,7.4565685407917214e-06
0.755,9.58309139928042e-06,0.00059999999999999995,charge,2.597849504235232e-06,6.9852418950451872e-06
0.76000000000000001,9.0191217511728095e-06,0.00059999999999999995,charge,2.4898345178124469e-06,6.5292872333603635e-06
0.76500000000000001,8.4740541173345494e-06,0.00059999999999999995,charge,2.3841693114359053e-06,6.0898848058986433e-06
0.77000000000000002,7.948880565836921e-06,0.00059999999999999995,charge,2.2808801713157678e-06,5.6680003945211524e-06
0.77500000000000002,7.4443770959489173e-06,0.00059999999999999995,charge,2.1799869354515135e-06,5.2643901604974038e-06
0.78000000000000003,6.9611115369278633e-06,0.00059999999999999995,charge,2.0815035540370631e-06,4.8796079828908002e-06
0.78500000000000003,6.4994536474872509e-06,0.00059999999999999995,charge,1.9854386476357425e-06,4.5140149998515089e-06
0.79000000000000004,6.0595871024461953e-06,0.00059999999999999995,charge,1.891796058717295e-06,4.1677910437289006e-06
0.79500000000000004,5.6415230400039207e-06,0.00059999999999999995,charge,1.8005753924725184e-06,3.8409476475314027e-06
0.80000000000000004,5.2451148377528034e-06,0.00059999999999999995,charge,1.7117725431650345e-06,3.5333422945877693e-06
0.80500000000000005,4.8700737875313201e-06,0.00059999999999999995,charge,1.6253802026393471e-06,3.2446935848919732e-06
0.81000000000000005,4.5159853479517787e-06,0.00059999999999999995,charge,1.5413883479750479e-06,2.9745969999767307e-06
0.81500000000000006,4.1823256682108029e-06,0.00059999999999999995,charge,1.4597847056540226e-06,2.7225409625567801e-06
0.82000000000000006,3.8684780967957515e-06,0.00059999999999999995,charge,1.3805551899866802e-06,2.4879229068090713e-06
0.82500000000000007,3.5737494130554609e-06,0.00059999999999999995,charge,1.3036843139200422e-06,2.2700650991354188e-06
0.83000000000000007,3.2973855473868892e-06,0.00059999999999999995,charge,1.229155570721491e-06,2.0682299766653984e-06
0.83499999999999996,3.0385865860638289e-06,0.00059999999999999995,charge,1.1569517853932755e-06,1.8816348006705534e-06
0.83999999999999997,2.7965208885787139e-06,0.00059999999999999995,charge,1.0870554350213884e-06,1.7094654535573255e-06
0.84499999999999997,2.5703381779020186e-06,0.00059999999999999995,charge,1.019448937595355e-06,1.5508892403066636e-06
0.84999999999999998,2.3591814964636904e-06,0.00059999999999999995,charge,9.5411490915012715e-07,1.4050665873135635e-06
0.85499999999999998,2.1621979521854833e-06,0.00059999999999999995,charge,8.9103638937577314e-07,1.27116156280971e-06
0.85999999999999999,1.9785482088905185e-06,0.00059999999999999995,charge,8.3019703611315328e-07,1.1483511727773651e-06
0.86499999999999999,1.8074147033377293e-06,0.00059999999999999995,charge,7.7158128940282054e-07,1.0358334139349087e-06
0.87,1.6480085965327706e-06,0.00059999999999999995,charge,7.1517450597920048e-07,9.3283409055357011e-07
0.875,1.4995754895205411e-06,0.00059999999999999995,charge,6.6096306530183062e-07,8.3861242421871044e-07
0.88,1.3613999533431811e-06,0.00059999999999999995,charge,6.0893444838997379e-07,7.5246550495320727e-07
0.88500000000000001,1.2328089391287321e-06,0.00059999999999999995,charge,5.5907729087607439e-07,6.7373164825265768e-07
0.89000000000000001,1.1131741473331939e-06,0.00059999999999999995,charge,5.1138141181777601e-07,6.0179273551541787e-07
0.89500000000000002,1.0019134450514649e-06,0.00059999999999999995,charge,4.6583781990806598e-07,5.36075625143399e-07
0.90000000000000002,8.984914271743416e-07,0.00059999999999999995,charge,4.2243869879932234e-07,4.7605272837501926e-07
0.90500000000000003,8.0241922119619855e-07,0.00059999999999999995,charge,3.8117737331079521e-07,4.2124184788540328e-07
0.91000000000000003,7.1325363691699593e-07,0.00059999999999999995,charge,3.4204825832134689e-07,3.7120537859564904e-07
0.91500000000000004,6.3059576141684855e-07,0.00059999999999999995,charge,3.0504679216169521e-07,3.2554896925515339e-07
0.92000000000000004,5.540890968193057e-07,0.00059999999999999995,charge,2.7016935631424254e-07,2.8391974050506312e-07
0.92500000000000004,4.8341733382237368e-07,0.00059999999999999995,charge,2.3741318320558322e-07,2.4600415061679046e-07
0.93000000000000005,4.1830184808750704e-07,0.00059999999999999995,charge,2.0677625383845752e-07,2.1152559424904952e-07
0.93500000000000005,3.5849899965331006e-07,0.00059999999999999995,charge,1.7825718695808335e-07,1.8024181269522671e-07
0.94000000000000006,3.037973078840372e-07,0.00059999999999999995,charge,1.5185512138405876e-07,1.5194218649997847e-07
0.94500000000000006,2.5401456635358906e-07,0.00059999999999999995,charge,1.275695930651807e-07,1.2644497328840839e-07
0.95000000000000007,2.0899495375706369e-07,0.00059999999999999995,charge,1.054004083321345e-07,1.0359454542492919e-07
0.95500000000000007,1.6860618865792259e-07,0.00059999999999999995,charge,8.534751473380537e-08,8.325867392411723e-08
0.95999999999999996,1.3273676781080141e-07,0.00059999999999999995,charge,6.7410870748449402e-08,6.5325897062351997e-08
0.96499999999999997,1.0129332010633895e-07,0.00059999999999999995,charge,5.1590315562623753e-08,4.9703004543715193e-08
0.96999999999999997,7.4198100990819191e-08,0.00059999999999999995,charge,3.7885440010072419e-08,3.6312660980746772e-08
0.97499999999999998,5.1386645613680868e-08,0.00059999999999999995,charge,2.6295459660879715e-08,2.5091185952801153e-08
0.97999999999999998,3.2805593014704282e-08,0.00059999999999999995,charge,1.6819090949453569e-08,1.598650206525071e-08
0.98499999999999999,1.8410688417190757e-08,0.00059999999999999995,charge,9.4544311292793878e-09,8.9562572879113677e-09
0.98999999999999999,8.1649661572481079e-09,0.00059999999999999995,charge,4.1988427438729967e-09,3.9661234133751112e-09
0.995,2.0371119453202344e-09,0.00059999999999999995,charge,1.0488432078284649e-09,9.882687374917693e-10
1,0,0.00059999999999999995,charge,0,0
0,0,0.00080000000000000004,charge,0,0
0.0050000000000000001,2.5149840928063283e-09,0.00080000000000000004,charge,1.3984576104379467e-09,1.1165264823683814e-09
0.01,1.0063461104703592e-08,0.00080000000000000004,charge,5.598456991830684e-09,4.4650041128729076e-09
0.014999999999999999,2.2648036654200755e-08,0.00080000000000000004,charge,1.2605908172372359e-08,1.0042128481828397e-08
0.02,4.0267850454383597e-08,0.00080000000000000004,charge,2.242545459927128e-08,1.784239585511232e-08
0.025000000000000001,6.291872152662454e-08,0.00080000000000000004,charge,3.5060612881172843e-08,2.7858108645451694e-08
0.029999999999999999,9.0593303079106058e-08,0.00080000000000000004,charge,5.0513920013429852e-08,4.0079383065676206e-08
0.035000000000000003,1.2328124637958378e-07,0.00080000000000000004,charge,6.878708741683123e-08,5.4494158962752546e-08
0.040000000000000001,1.6096937282934525e-07,0.00080000000000000004,charge,8.9881160997932152e-08,7.1088211831413096e-08
0.044999999999999998,2.0364185331858279e-07,0.00080000000000000004,charge,1.1379668631174092e-07,8.9845167006841874e-08
0.050000000000000003,2.5128039381353455e-07,0.00080000000000000004,charge,1.4053387777617915e-07,1.1074651603735537e-07
0.055,3.0386442599410411e-07,0.00080000000000000004,charge,1.7009279075357421e-07,1.3377163524052987e-07
0.059999999999999998,3.6137130162878662e-07,0.00080000000000000004,charge,2.0247349517874503e-07,1.5889780645004158e-07
0.065000000000000002,4.2377648924335958e-07,0.00080000000000000004,charge,2.3767624927744487e-07,1.8610023996591471e-07
0.070000000000000007,4.9105377151291113e-07,0.00080000000000000004,charge,2.7570167178461068e-07,2.1535209972830042e-07
0.074999999999999997,5.6317544168556954e-07,0.00080000000000000004,charge,3.1655091094077724e-07,2.466245307447923e-07
0.080000000000000002,6.4011249723315168e-07,0.00080000000000000004,charge,3.6022580841899001e-07,2.7988668881416172e-07
0.085000000000000006,7.2183482882150733e-07,0.00080000000000000004,charge,4.0672905621559403e-07,3.151057726059133e-07
0.089999999999999997,8.0831140260443606e-07,0.00080000000000000004,charge,4.5606434442846304e-07,3.5224705817597302e-07
0.095000000000000001,8.9951043377271573e-07,0.00080000000000000004,charge,5.0823649774772628e-07,3.9127393602498945e-07
0.10000000000000001,9.9539954923727784e-07,0.00080000000000000004,charge,5.6325159839909613e-07,4.3214795083818176e-07
0.105,1.0959459372962915e-06,0.00080000000000000004,charge,6.2111709321075443e-07,4.7482884408553705e-07
0.11,1.2011164821334789e-06,0.00080000000000000004,charge,6.8184188242370162e-07,5.1927459970977742e-07
0.115,1.3108778810230903e-06,0.00080000000000000004,charge,7.454363878347649e-07,5.6544149318832536e-07
0.12,1.4251967421794424e-06,0.00080000000000000004,charge,8.1191259785329746e-07,6.1328414432614484e-07
0.125,1.5440396612897087e-06,0.00080000000000000004,charge,8.8128408706910711e-07,6.627555742206016e-07
0.13,1.6673732749115626e-06,0.00080000000000000004,charge,9.5356600797226751e-07,7.138072669392951e-07
0.13500000000000001,1.795164289106353e-06,0.00080000000000000004,charge,1.0287750525370946e-06,7.6638923656925834e-07
0.14000000000000001,1.9273794819173172e-06,0.00080000000000000004,charge,1.1069293814842037e-06,8.2045010043311331e-07
0.14499999999999999,2.0639856785946565e-06,0.00080000000000000004,charge,1.1880485191676965e-06,8.7593715942696004e-07
0.14999999999999999,2.2049496988183307e-06,0.00080000000000000004,charge,1.2721532122001691e-06,9.3279648661816152e-07
0.155,2.3502382755780017e-06,0.00080000000000000004,charge,1.3592652501271403e-06,9.9097302545086145e-07
0.16,2.4998179458402346e-06,0.00080000000000000004,charge,1.4494072466951829e-06,1.0504106991450517e-06
0.16500000000000001,2.6536549136672234e-06,0.00080000000000000004,charge,1.5426023805243666e-06,1.1110525331428569e-06
0.17000000000000001,2.8117148870500232e-06,0.00080000000000000004,charge,1.6388740942953233e-06,1.1728407927547002e-06
0.17500000000000002,2.9739628903821538e-06,0.00080000000000000004,charge,1.7382457518933893e-06,1.2357171384887643e-06
0.17999999999999999,3.1403630552250007e-06,0.00080000000000000004,charge,1.8407402533155738e-06,1.2996228019094271e-06
0.185,3.3108783928016916e-06,0.00080000000000000004,charge,1.9463796075386976e-06,1.3644987852629939e-06
0.19,3.4854705524963429e-06,0.00080000000000000004,charge,2.0551844639667317e-06,1.4302860885296112e-06
0.19500000000000001,3.6640995715238166e-06,0.00080000000000000004,charge,2.1671736035191319e-06,1.4969259680046845e-06
0.20000000000000001,3.846723621862515e-06,0.00080000000000000004,charge,2.2823633908867121e-06,1.5643602309758031e-06
0.20500000000000002,4.033298761497543e-06,0.00080000000000000004,charge,2.4007671899633584e-06,1.6325315715341842e-06
0.20999999999999999,4.2237786979891662e-06,0.00080000000000000004,charge,2.5223947449563936e-06,1.7013839530327724e-06
0.215,4.4181145733445861e-06,0.00080000000000000004,charge,2.6472515301809904e-06,1.7708630431635957e-06
0.22,4.6162547801083991e-06,0.00080000000000000004,charge,2.7753380720494163e-06,1.8409167080589828e-06
0.22500000000000001,4.8181448194746194e-06,0.00080000000000000004,charge,2.9066492472686842e-06,1.9114955722059352e-06
0.23000000000000001,5.0237272130325534e-06,0.00080000000000000004,charge,3.0411735617543573e-06,1.9825536512781965e-06
0.23500000000000001,5.232941480458715e-06,0.00080000000000000004,charge,3.1788924152478743e-06,2.0540490652108406e-06
0.23999999999999999,5.4457241960219148e-06,0.00080000000000000004,charge,3.3197793570832607e-06,2.1259448389386536e-06
0.245,5.6620091371404505e-06,0.00080000000000000004,charge,3.4637993389803095e-06,2.1982097981601411e-06
0.25,5.8817275383769852e-06,0.00080000000000000004,charge,3.6109079711383999e-06,2.2708195672385853e-06
0.255,6.1048084641346848e-06,0.00080000000000000004,charge,3.7610507882619404e-06,2.3437576758727448e-06
0.26000000000000001,6.3311793128813284e-06,0.00080000000000000004,charge,3.9141625324582793e-06,2.4170167804230495e-06
0.26500000000000001,6.56076646493025e-06,0.00080000000000000004,charge,4.0701664602060419e-06,2.490600004724208e-06
0.27000000000000002,6.7934960846015069e-06,0.00080000000000000004,charge,4.2289736807900038e-06,2.5645224038115031e-06
0.27500000000000002,7.0292950859295327e-06,0.00080000000000000004,charge,4.3904825337326977e-06,2.6388125521968346e-06
0.28000000000000003,7.2680922689333475e-06,0.00080000000000000004,charge,4.5545780128178169e-06,2.7135142561155306e-06
0.28500000000000003,7.5098196307865242e-06,0.00080000000000000004,charge,4.7211312442918527e-06,2.7886883864946711e-06
0.28999999999999998,7.7544138529878247e-06,0.00080000000000000004,charge,4.8899990267445507e-06,2.8644148262432745e-06
0.29499999999999998,8.0018179618210041e-06,0.00080000000000000004,charge,5.0610234400028814e-06,2.9407945218181235e-06
0.29999999999999999,8.2519831549962603e-06,0.00080000000000000004,charge,5.2340315301250026e-06,3.0179516248712585e-06
0.30499999999999999,8.5048707823937998e-06,0.00080000000000000004,charge,5.4088350772490818e-06,3.0960357051447184e-06
0.31,8.7604544633060185e-06,0.00080000000000000004,charge,5.5852304526366912e-06,3.1752240106693269e-06
0.315,9.0187223165417544e-06,0.00080000000000000004,charge,5.7629985707521528e-06,3.2557237457896021e-06
0.32000000000000001,9.2796792732792913e-06,0.00080000000000000004,charge,5.9419049416401272e-06,3.3377743316391649e-06
0.32500000000000001,9.5433494357212202e-06,0.00080000000000000004,charge,6.1216998282060848e-06,3.4216496075151358e-06
0.33000000000000002,9.8097784375271544e-06,0.00080000000000000004,charge,6.3021185122725468e-06,3.507659925254608e-06
0.33500000000000002,1.0079035754817111e-05,0.00080000000000000004,charge,6.4828816724827603e-06,3.5961540823343502e-06
0.34000000000000002,1.0351216909413275e-05,0.00080000000000000004,charge,6.6636958762590296e-06,3.6875210331542458e-06
0.34500000000000003,1.0626445499109626e-05,0.00080000000000000004,charge,6.844254187102102e-06,3.7821913120075236e-06
0.35000000000000003,1.0904874983340298e-05,0.00080000000000000004,charge,7.024236887548991e-06,3.8806380957913062e-06
0.35499999999999998,1.1186690146891944e-05,0.00080000000000000004,charge,7.2033123170979312e-06,3.9833778297940127e-06
0.35999999999999999,1.1472108159524246e-05,0.00080000000000000004,charge,7.3811378233708192e-06,4.0909703361534267e-06
0.36499999999999999,1.1761379145789205e-05,0.00080000000000000004,charge,7.557360823725486e-06,4.2040183220637198e-06
0.37,1.2054786177244502e-05,0.00080000000000000004,charge,7.7316199734636406e-06,4.3231662037808618e-06
0.375,1.2352644598907767e-05,0.00080000000000000004,charge,7.9035464357163864e-06,4.4490981631913808e-06
0.38,1.2655300603458539e-05,0.00080000000000000004,charge,8.072765247040001e-06,4.5825353564185381e-06
0.38500000000000001,1.2963128970604156e-05,0.00080000000000000004,charge,8.2388967717314767e-06,4.7242321988726783e-06
0.39000000000000001,1.3276529895399919e-05,0.00080000000000000004,charge,8.4015582368885196e-06,4.8749716585113998e-06
0.39500000000000002,1.3595924838327999e-05,0.00080000000000000004,charge,8.5603653393039662e-06,5.0355594990240331e-06
0.40000000000000002,1.3921751341719609e-05,0.00080000000000000004,charge,8.7149339144111424e-06,5.2068174273084653e-06
0.40500000000000003,1.4254456771718161e-05,0.00080000000000000004,charge,8.8648816566960671e-06,5.3895751150220937e-06
0.41000000000000003,1.4594490962423705e-05,0.00080000000000000004,charge,9.0098298802748424e-06,5.5846610821488628e-06
0.41500000000000004,1.4942297759048265e-05,0.00080000000000000004,charge,9.1494053077096763e-06,5.7928924513385886e-06
0.41999999999999998,1.5298305479679609e-05,0.00080000000000000004,charge,9.283241874614073e-06,6.015063605065536e-06
0.42499999999999999,1.5662916340335229e-05,0.00080000000000000004,charge,9.4109825371841236e-06,6.2519338031511066e-06
0.42999999999999999,1.6036494915032103e-05,0.00080000000000000004,charge,9.532281069495721e-06,6.5042138455363816e-06
0.435,1.6419355731146823e-05,0.00080000000000000004,charge,9.6468038372320328e-06,6.7725518939147897e-06
0.44,1.681175012984636e-05,0.00080000000000000004,charge,9.7542315344560044e-06,7.0575185953903539e-06
0.44500000000000001,1.7213852551194815e-05,0.00080000000000000004,charge,9.8542608701217529e-06,7.3595916810730638e-06
0.45000000000000001,1.7625746432968832e-05,0.00080000000000000004,charge,9.9466061912274748e-06,7.6791402417413568e-06
0.45500000000000002,1.8047409940460319e-05,0.00080000000000000004,charge,1.0031001029850998e-05,8.0164089106093194e-06
0.46000000000000002,1.8478701770775326e-05,0.00080000000000000004,charge,1.0107199561775115e-05,8.371502209000211e-06
0.46500000000000002,1.8919347298487925e-05,0.00080000000000000004,charge,1.017497796500038e-05,8.7443693334875447e-06
0.47000000000000003,1.936892534910477e-05,0.00080000000000000004,charge,1.0234135667153066e-05,9.1347896819517037e-06
0.47500000000000003,1.9826855901785443e-05,0.00080000000000000004,charge,1.0284496471619012e-05,9.5423594301664309e-06
0.47999999999999998,2.0292389032335668e-05,0.00080000000000000004,charge,1.0325909553162883e-05,9.9664794791727854e-06
0.48499999999999999,2.076459541090885e-05,0.00080000000000000004,charge,1.0358250314817281e-05,1.040634509609157e-05
0.48999999999999999,2.1242358665482714e-05,0.00080000000000000004,charge,1.0381421098937457e-05,1.0860937566545259e-05
0.495,2.1724369911518569e-05,0.00080000000000000004,charge,1.0395351746503428e-05,1.1329018165015142e-05
0.5,2.2209124729914348e-05,0.00080000000000000004,charge,1.0400000000000002e-05,1.1809124729914346e-05
0.505,2.2694922849263096e-05,0.00080000000000000004,charge,1.0395351746503428e-05,1.2299571102759669e-05
0.51000000000000001,2.3179870754559581e-05,0.00080000000000000004,charge,1.0381421098937457e-05,1.2798449655622124e-05
0.51500000000000001,2.3661887403107095e-05,0.00080000000000000004,charge,1.0358250314817281e-05,1.3303637088289814e-05
0.52000000000000002,2.4138713179936844e-05,0.00080000000000000004,charge,1.0325909553162883e-05,1.381280362677396e-05
0.52500000000000002,2.4607922170260397e-05,0.00080000000000000004,charge,1.0284496471619012e-05,1.4323425698641385e-05
0.53000000000000003,2.5066937766251313e-05,0.00080000000000000004,charge,1.0234135667153065e-05,1.4832802099098249e-05
0.53500000000000003,2.5513051560922454e-05,0.00080000000000000004,charge,1.017497796500038e-05,1.5338073595922072e-05
0.54000000000000004,2.5943445414348632e-05,0.00080000000000000004,charge,1.010719956177511e-05,1.5836245852573524e-05
0.54500000000000004,2.6355216508459284e-05,0.00080000000000000004,charge,1.0031001029850998e-05,1.6324215478608286e-05
0.55000000000000004,2.6745405137700754e-05,0.00080000000000000004,charge,9.9466061912274714e-06,1.6798798946473284e-05
0.55500000000000005,2.7111024915739588e-05,0.00080000000000000004,charge,9.8542608701217495e-06,1.7256764045617839e-05
0.56000000000000005,2.7449095014784764e-05,0.00080000000000000004,charge,9.7542315344560027e-06,1.7694863480328763e-05
0.56500000000000006,2.7756673995783619e-05,0.00080000000000000004,charge,9.6468038372320328e-06,1.8109870158551587e-05
0.57000000000000006,2.8030894736367679e-05,0.00080000000000000004,charge,9.532281069495721e-06,1.8498613666871958e-05
0.57500000000000007,2.8268999920559673e-05,0.00080000000000000004,charge,9.4109825371841236e-06,1.885801738337555e-05
0.57999999999999996,2.8468377521306973e-05,0.00080000000000000004,charge,9.2832418746140747e-06,1.9185135646692897e-05
0.58499999999999996,2.8626595685079781e-05,0.00080000000000000004,charge,9.1494053077096797e-06,1.9477190377370101e-05
0.58999999999999997,2.874143641801033e-05,0.00080000000000000004,charge,9.0098298802748424e-06,1.9731606537735488e-05
0.59499999999999997,2.8810927476011137e-05,0.00080000000000000004,charge,8.8648816566960688e-06,1.994604581931507e-05
0.59999999999999998,2.8833371877335031e-05,0.00080000000000000004,charge,8.7149339144111441e-06,2.0118437962923888e-05
0.60499999999999998,2.8807374485129556e-05,0.00080000000000000004,charge,8.5603653393039696e-06,2.0247009145825584e-05
0.60999999999999999,2.8731865149345101e-05,0.00080000000000000004,charge,8.4015582368885196e-06,2.0330306912456583e-05
0.61499999999999999,2.8606117951185782e-05,0.00080000000000000004,charge,8.2388967717314767e-06,2.0367221179454306e-05
0.62,2.8429766158111687e-05,0.00080000000000000004,charge,8.072765247040001e-06,2.0357000911071686e-05
0.625,2.8202812571866905e-05,0.00080000000000000004,charge,7.9035464357163864e-06,2.0299266136150518e-05
0.63,2.792563503449101e-05,0.00080000000000000004,charge,7.731619973463644e-06,2.0194015061027366e-05
0.63500000000000001,2.7598986945910196e-05,0.00080000000000000004,charge,7.5573608237254885e-06,2.0041626122184708e-05
0.64000000000000001,2.7223992739442067e-05,0.00080000000000000004,charge,7.3811378233708175e-06,1.9842854916071249e-05
0.64500000000000002,2.6802138356203483e-05,0.00080000000000000004,charge,7.2033123170979321e-06,1.959882603910555e-05
0.65000000000000002,2.6335256853729811e-05,0.00080000000000000004,charge,7.0242368875489918e-06,1.931101996618082e-05
0.65500000000000003,2.5825509375839855e-05,0.00080000000000000004,charge,6.8442541871021003e-06,1.8981255188737756e-05
0.66000000000000003,2.5275361797716689e-05,0.00080000000000000004,charge,6.6636958762590253e-06,1.8611665921457664e-05
0.66500000000000004,2.4687557440249724e-05,0.00080000000000000004,charge,6.4828816724827586e-06,1.8204675767766967e-05
0.67000000000000004,2.4065086319009179e-05,0.00080000000000000004,charge,6.3021185122725451e-06,1.7762967806736634e-05
0.67500000000000004,2.3411151454151124e-05,0.00080000000000000004,charge,6.1216998282060848e-06,1.7289451625945039e-05
0.68000000000000005,2.2729132816714223e-05,0.00080000000000000004,charge,5.9419049416401247e-06,1.6787227875074096e-05
0.68500000000000005,2.2022549523124084e-05,0.00080000000000000004,charge,5.7629985707521511e-06,1.6259550952371932e-05
0.69000000000000006,2.1295020912571241e-05,0.00080000000000000004,charge,5.5852304526366904e-06,1.5709790459934549e-05
0.69500000000000006,2.0550227150943679e-05,0.00080000000000000004,charge,5.4088350772490818e-06,1.5141392073694597e-05
0.70000000000000007,1.9791870000207964e-05,0.00080000000000000004,charge,5.2340315301250009e-06,1.4557838470082964e-05
0.70499999999999996,1.9023634373942652e-05,0.00080000000000000004,charge,5.0610234400028857e-06,1.3962610933939766e-05
0.70999999999999996,1.8249151268870782e-05,0.00080000000000000004,charge,4.8899990267445541e-06,1.3359152242126228e-05
0.71499999999999997,1.7471962619767042e-05,0.00080000000000000004,charge,4.721131244291856e-06,1.2750831375475187e-05
0.71999999999999997,1.6695488572355514e-05,0.00080000000000000004,charge,4.5545780128178169e-06,1.2140910559537698e-05
0.72499999999999998,1.5922997607324759e-05,0.00080000000000000004,charge,4.3904825337326977e-06,1.1532515073592063e-05
0.72999999999999998,1.5157579880102277e-05,0.00080000000000000004,charge,4.2289736807900047e-06,1.0928606199312272e-05
0.73499999999999999,1.4402124067412087e-05,0.00080000000000000004,charge,4.0701664602060445e-06,1.0331957607206042e-05
0.73999999999999999,1.3659297934811752e-05,0.00080000000000000004,charge,3.9141625324582776e-06,9.745135402353474e-06
0.745,1.2931532761306121e-05,0.00080000000000000004,charge,3.7610507882619404e-06,9.1704819730441798e-06
0.75,1.2221011679652393e-05,0.00080000000000000004,charge,3.6109079711384012e-06,8.6101037085139926e-06
0.755,1.1529661915898292e-05,0.00080000000000000004,charge,3.4637993389803099e-06,8.065862576917982e-06
0.76000000000000001,1.0859150840677248e-05,0.00080000000000000004,charge,3.3197793570832629e-06,7.5393714835939863e-06
0.76500000000000001,1.0210885679286662e-05,0.00080000000000000004,charge,3.1788924152478743e-06,7.0319932640387881e-06
0.77000000000000002,9.5860166688417416e-06,0.00080000000000000004,charge,3.0411735617543573e-06,6.5448431070873852e-06
0.77500000000000002,8.9854433998334728e-06,0.00080000000000000004,charge,2.9066492472686851e-06,6.0787941525647873e-06
0.78000000000000003,8.4098240369731179e-06,0.00080000000000000004,charge,2.775338072049418e-06,5.6344859649237008e-06
0.78500000000000003,7.8595870807615451e-06,0.00080000000000000004,charge,2.6472515301809904e-06,5.2123355505805543e-06
0.79000000000000004,7.3349453070023776e-06,0.00080000000000000004,charge,2.5223947449563936e-06,4.8125505620459841e-06
0.79500000000000004,6.8359115064543892e-06,0.00080000000000000004,charge,2.4007671899633584e-06,4.4351443164910313e-06
0.80000000000000004,6.3623156407253906e-06,0.00080000000000000004,charge,2.282363390886713e-06,4.0799522498386776e-06
0.80500000000000005,5.9138230328695951e-06,0.00080000000000000004,charge,2.1671736035191298e-06,3.7466494293504657e-06
0.81000000000000005,5.4899532213011689e-06,0.00080000000000000004,charge,2.0551844639667309e-06,3.434768757334438e-06
0.81500000000000006,5.0900991227625767e-06,0.00080000000000000004,charge,1.9463796075386972e-06,3.1437195152238799e-06
0.82000000000000006,4.7135461732540815e-06,0.00080000000000000004,charge,1.8407402533155738e-06,2.8728059199385077e-06
0.82500000000000007,4.3594911440210068e-06,0.00080000000000000004,charge,1.7382457518933898e-06,2.6212453921276173e-06
0.83000000000000007,4.0270603618429643e-06,0.00080000000000000004,charge,1.6388740942953216e-06,2.3881862675476425e-06
0.83499999999999996,3.7153270978917912e-06,0.00080000000000000004,charge,1.5426023805243674e-06,2.172724717367424e-06
0.83999999999999997,3.42332792625856e-06,0.00080000000000000004,charge,1.4494072466951846e-06,1.9739206795633756e-06
0.84499999999999997,3.1500778908758335e-06,0.00080000000000000004,charge,1.3592652501271403e-06,1.790812640748693e-06
0.84999999999999998,2.8945843570298394e-06,0.00080000000000000004,charge,1.2721532122001697e-06,1.6224311448296696e-06
0.85499999999999998,2.6558594601110809e-06,0.00080000000000000004,charge,1.1880485191676977e-06,1.4678109409433832e-06
0.85999999999999999,2.4329310989386734e-06,0.00080000000000000004,charge,1.1069293814842046e-06,1.3260017174544686e-06
0.86499999999999999,2.2248524532789515e-06,0.00080000000000000004,charge,1.0287750525370942e-06,1.1960774007418573e-06
0.87,2.0307100345529944e-06,0.00080000000000000004,charge,9.5356600797226751e-07,1.0771440265807269e-06
0.875,1.849630304805982e-06,0.00080000000000000004,charge,8.8128408706910763e-07,9.6834621773687435e-07
0.88,1.6807849215345823e-06,0.00080000000000000004,charge,8.1191259785329852e-07,8.6887232368128388e-07
0.88500000000000001,1.5233946847952503e-06,0.00080000000000000004,charge,7.4543638783476596e-07,7.7795829696048435e-07
0.89000000000000001,1.376732278116077e-06,0.00080000000000000004,charge,6.8184188242370141e-07,6.9489039569237564e-07
0.89500000000000002,1.2401239061758316e-06,0.00080000000000000004,charge,6.2111709321075475e-07,6.1900681296507679e-07
0.90000000000000002,1.112949940150643e-06,0.00080000000000000004,charge,5.6325159839909656e-07,5.4969834175154642e-07
0.90500000000000003,9.9464468628887304e-07,0.00080000000000000004,charge,5.0823649774772702e-07,4.8640818854114602e-07
0.91000000000000003,8.8469539494213251e-07,0.00080000000000000004,charge,4.5606434442846257e-07,4.2863105051366994e-07
0.91500000000000004,7.8264062628332979e-07,0.00080000000000000004,charge,4.0672905621559371e-07,3.7591157006773607e-07
0.92000000000000004,6.8806808563668394e-07,0.00080000000000000004,charge,3.6022580841899012e-07,3.2784227721769382e-07
0.92500000000000004,6.0061203610151611e-07,0.00080000000000000004,charge,3.1655091094077766e-07,2.8406112516073845e-07
0.93000000000000005,5.1995038934497865e-07,0.00080000000000000004,charge,2.7570167178461005e-07,2.4424871756036861e-07
0.93500000000000005,4.4580156743507503e-07,0.00080000000000000004,charge,2.3767624927744452e-07,2.0812531815763051e-07
0.94000000000000006,3.7792121973279087e-07,0.00080000000000000004,charge,2.0247349517874503e-07,1.7544772455404581e-07
0.94500000000000006,3.1609886948504956e-07,0.00080000000000000004,charge,1.7009279075357429e-07,1.4600607873147527e-07
0.95000000000000007,2.601545551514989e-07,0.00080000000000000004,charge,1.4053387777617934e-07,1.1962067737531959e-07
0.95500000000000007,2.0993552191666122e-07,0.00080000000000000004,charge,1.1379668631174051e-07,9.6138835604920724e-08
0.95999999999999996,1.6531300950593797e-07,0.00080000000000000004,charge,8.9881160997932562e-08,7.5431848508005417e-08
0.96499999999999997,1.26179173522526e-07,0.00080000000000000004,charge,6.878708741683168e-08,5.7392086105694323e-08
0.96999999999999997,9.2444169197881436e-08,0.00080000000000000004,charge,5.0513920013429898e-08,4.1930249184451545e-08
0.97499999999999998,6.4033418809446372e-08,0.00080000000000000004,charge,3.5060612881172955e-08,2.8972805928273411e-08
0.97999999999999998,4.0885077140817441e-08,0.00080000000000000004,charge,2.2425454599271429e-08,1.8459622541546015e-08
0.98499999999999999,2.2947703284586873e-08,0.00080000000000000004,charge,1.2605908172372519e-08,1.0341795112214353e-08
0.98999999999999999,1.0178141832533459e-08,0.00080000000000000004,charge,5.5984569918306625e-09,4.5796848407027967e-09
0.995,2.5396120536830828e-09,0.00080000000000000004,charge,1.3984576104379533e-09,1.1411544432451295e-09
1,0,0.00080000000000000004,charge,0,0
0,0,0.001,charge,0,0
0.0050000000000000001,2.9963865696746439e-09,0.001,charge,1.7480720130474333e-09,1.2483145566272104e-09
0.01,1.1990097597888337e-08,0.001,charge,6.998071239788354e-09,4.9920263580999828e-09
0.014999999999999999,2.6984826177542977e-08,0.001,charge,1.5757385215465449e-08,1.1227440962077528e-08
0.02,4.7980223255834912e-08,0.001,charge,2.8031818249089097e-08,1.9948405006745814e-08
0.025000000000000001,7.4972078429368343e-08,0.001,charge,4.3825766101466053e-08,3.1146312327902283e-08
0.029999999999999999,1.0795251253234027e-07,0.001,charge,6.3142400016787312e-08,4.4810112515552954e-08
0.035000000000000003,1.4691018117973608e-07,0.001,charge,8.5983859271039031e-08,6.0926321908697051e-08
0.040000000000000001,1.9183048827438744e-07,0.001,charge,1.1235145124741519e-07,7.9479037026972251e-08
0.044999999999999998,2.4269580832823602e-07,0.001,charge,1.4224585788967616e-07,1.0044995043855986e-07
0.050000000000000003,2.9948571628562254e-07,0.001,charge,1.7566734722022393e-07,1.2381836906539861e-07
0.055,3.6217722337153334e-07,0.001,charge,2.1261598844196775e-07,1.4956123492956559e-07
0.059999999999999998,4.3074501732237999e-07,0.001,charge,2.5309186897343128e-07,1.7765314834894874e-07
0.065000000000000002,5.0516170519321028e-07,0.001,charge,2.9709531159680609e-07,2.0806639359640421e-07
0.070000000000000007,5.8539805677566013e-07,0.001,charge,3.4462708973076334e-07,2.4077096704489684e-07
0.074999999999999997,6.7142324650814267e-07,0.001,charge,3.9568863867597152e-07,2.7573460783217115e-07
0.080000000000000002,7.6320509161663522e-07,0.001,charge,4.5028226052373749e-07,3.1292283109289778e-07
0.085000000000000006,8.6071028409419907e-07,0.001,charge,5.0841132026949249e-07,3.5229896382470653e-07
0.089999999999999997,9.639046140134782e-07,0.001,charge,5.7008043053557883e-07,3.9382418347789932e-07
0.095000000000000001,1.0727531815725479e-06,0.001,charge,6.3529562218465782e-07,4.374575593878901e-07
0.10000000000000001,1.1872205952045759e-06,0.001,charge,7.0406449799887019e-07,4.8315609720570573e-07
0.105,1.3072711530398978e-06,0.001,charge,7.7639636651344304e-07,5.3087478652645489e-07
0.11,1.4328690049996544e-06,0.001,charge,8.5230235302962703e-07,5.8056665197002736e-07
0.115,1.5639782928274959e-06,0.001,charge,9.3179548479345604e-07,6.3218280803403988e-07
0.12,1.7005632654346477e-06,0.001,charge,1.0148907473166218e-06,6.8567251811802578e-07
0.125,1.84258836704847e-06,0.001,charge,1.1016051088363837e-06,7.4098325821208617e-07
0.13,1.9900182958201354e-06,0.001,charge,1.1919575099653343e-06,7.9806078585480096e-07
0.13500000000000001,2.1428180307678828e-06,0.001,charge,1.2859688156713684e-06,8.5684921509651454e-07
0.14000000000000001,2.3009528252127399e-06,0.001,charge,1.3836617268552545e-06,9.1729109835748548e-07
0.14499999999999999,2.4643881652079972e-06,0.001,charge,1.4850606489596205e-06,9.793275162483767e-07
0.14999999999999999,2.6330896918758022e-06,0.001,charge,1.5901915152502113e-06,1.042898176625591e-06
0.155,2.8070230870473025e-06,0.001,charge,1.6990815626589251e-06,1.1079415243883776e-06
0.16,2.9861539221596863e-06,0.001,charge,1.8117590583689784e-06,1.1743948637907078e-06
0.16500000000000001,3.1704474709958412e-06,0.001,charge,1.9282529756554583e-06,1.2421944953403829e-06
0.17000000000000001,3.35986848756128e-06,0.001,charge,2.048592617869154e-06,1.3112758696921262e-06
0.17500000000000002,3.5543809511779356e-06,0.001,charge,2.1728071898667365e-06,1.3815737613111993e-06
0.17999999999999999,3.7539477817335781e-06,0.001,charge,2.3009253166444673e-06,1.453022465089111e-06
0.185,3.9585305289553431e-06,0.001,charge,2.4329745094233721e-06,1.5255560195319711e-06
0.19,4.1680890405706614e-06,0.001,charge,2.5689805799584147e-06,1.5991084606122465e-06
0.19500000000000001,4.3825811152704894e-06,0.001,charge,2.7089670043989148e-06,1.6736141108715748e-06
0.20000000000000001,4.6019621474879742e-06,0.001,charge,2.8529542386083902e-06,1.7490079088795838e-06
0.20500000000000002,4.8261847721366957e-06,0.001,charge,3.0009589874541978e-06,1.8252257846824981e-06
0.20999999999999999,5.055198518599786e-06,0.001,charge,3.1529934311954919e-06,1.9022050874042942e-06
0.215,5.2889494844042099e-06,0.001,charge,3.3090644127262379e-06,1.979885071677972e-06
0.22,5.5273800401292803e-06,0.001,charge,3.4691725900617704e-06,2.05820745006751e-06
0.22500000000000001,5.7704285781570187e-06,0.001,charge,3.633311559085855e-06,2.1371170190711642e-06
0.23000000000000001,6.0180293188421766e-06,0.001,charge,3.8014669521929464e-06,2.2165623666492297e-06
0.23500000000000001,6.2701121885255112e-06,0.001,charge,3.9736155190598425e-06,2.2964966694656687e-06
0.23999999999999999,6.5266027844949123e-06,0.001,charge,4.1497241963540762e-06,2.3768785881408356e-06
0.245,6.7874224424714707e-06,0.001,charge,4.3297491737253869e-06,2.4576732687460838e-06
0.25,7.0524884224140648e-06,0.001,charge,4.5136349639229993e-06,2.5388534584910655e-06
0.255,7.3217142283466127e-06,0.001,charge,4.7013134853274256e-06,2.6204007430191876e-06
0.26000000000000001,7.5950100774646596e-06,0.001,charge,4.8927031655728485e-06,2.7023069118918106e-06
0.26500000000000001,7.8722835329198651e-06,0.001,charge,5.0877080752575516e-06,2.7845754576623131e-06
0.27000000000000002,8.1534403133593492e-06,0.001,charge,5.286217100987505e-06,2.8672232123718434e-06
0.27500000000000002,8.4383852904617898e-06,0.001,charge,5.4881031671658721e-06,2.9502821232959169e-06
0.28000000000000003,8.7270236833168209e-06,0.001,charge,5.6932225160222709e-06,3.03380116729455e-06
0.28500000000000003,9.0192624554979606e-06,0.001,charge,5.901414055364816e-06,3.1178484001331454e-06
0.28999999999999998,9.3150119170497934e-06,0.001,charge,6.1124987834306881e-06,3.2025131336191048e-06
0.29499999999999998,9.6141875293257572e-06,0.001,charge,6.3262793000036013e-06,3.2879082293221563e-06
0.29999999999999999,9.9167119056652924e-06,0.001,charge,6.542539412656253e-06,3.3741724930090394e-06
0.30499999999999999,1.0222516995296394e-05,0.001,charge,6.7610438465613518e-06,3.4614731487350423e-06
0.31,1.053154643161893e-05,0.001,charge,6.9815380657958632e-06,3.5500083658230662e-06
0.315,1.0843758019213087e-05,0.001,charge,7.2037482134401908e-06,3.640009805772897e-06
0.32000000000000001,1.1159126326599708e-05,0.001,charge,7.4273811770501588e-06,3.7317451495495494e-06
0.32500000000000001,1.1477645344052266e-05,0.001,charge,7.652124785257606e-06,3.8255205587946595e-06
0.33000000000000002,1.1799331157751249e-05,0.001,charge,7.8776481403406829e-06,3.9216830174105668e-06
0.33500000000000002,1.2124224583434941e-05,0.001,charge,8.1036020906034504e-06,4.0206224928314907e-06
0.34000000000000002,1.245239369462036e-05,0.001,charge,8.3296198453237865e-06,4.1227738492965742e-06
0.34500000000000003,1.2783936172656597e-05,0.001,charge,8.5553177338776268e-06,4.2286184387789694e-06
0.35000000000000003,1.3118981398568588e-05,0.001,charge,8.7802961094362387e-06,4.3386852891323497e-06
0.35499999999999998,1.3457692200114911e-05,0.001,charge,9.0041403963724136e-06,4.4535518037424987e-06
0.35999999999999999,1.3800266162000637e-05,0.001,charge,9.2264222792135238e-06,4.5738438827871137e-06
0.36499999999999999,1.4146936403051399e-05,0.001,charge,9.4467010296568579e-06,4.7002353733945401e-06
0.37,1.449797172167141e-05,0.001,charge,9.6645249668295516e-06,4.8334467548418577e-06
0.375,1.4853676010378174e-05,0.001,charge,9.879433044645483e-06,4.9742429657326899e-06
0.38,1.5214386841924039e-05,0.001,charge,1.00909565588e-05,5.1234302831240384e-06
0.38500000000000001,1.5580473133750653e-05,0.001,charge,1.0298620964664344e-05,5.2818521690863074e-06
0.39000000000000001,1.595233180451884e-05,0.001,charge,1.050194779611065e-05,5.4503840084081902e-06
0.39500000000000002,1.6330383346411219e-05,0.001,charge,1.0700456674129958e-05,5.6299266722812618e-06
0.40000000000000002,1.6715066249960079e-05,0.001,charge,1.0893667393013928e-05,5.8213988569461493e-06
0.40500000000000003,1.7106830234385406e-05,0.001,charge,1.1081102070870083e-05,6.0257281635153242e-06
0.41000000000000003,1.750612825583475e-05,0.001,charge,1.1262287350343552e-05,6.2438409054911968e-06
0.41500000000000004,1.7913407288406332e-05,0.001,charge,1.1436756634637096e-05,6.4766506537692378e-06
0.41999999999999998,1.8329097898223331e-05,0.001,charge,1.160405234326759e-05,6.7250455549557427e-06
0.42499999999999999,1.8753602658817485e-05,0.001,charge,1.1763728171480154e-05,6.9898744873373318e-06
0.42999999999999999,1.9187283486276985e-05,0.001,charge,1.191535133686965e-05,7.2719321494073333e-06
0.435,1.9630448004509247e-05,0.001,charge,1.205850479654004e-05,7.5719432079692065e-06
0.44,2.0083335083950838e-05,0.001,charge,1.2192789418070005e-05,7.890545665880833e-06
0.44500000000000001,2.0546099730412852e-05,0.001,charge,1.2317826087652191e-05,8.2282736427606605e-06
0.45000000000000001,2.1018797533678263e-05,0.001,charge,1.2433257739034343e-05,8.5855397946439199e-06
0.45500000000000002,2.1501368917092482e-05,0.001,charge,1.2538751287313747e-05,8.9626176297787348e-06
0.46000000000000002,2.1993623458775957e-05,0.001,charge,1.2633999452218893e-05,9.3596240065570616e-06
0.46500000000000002,2.2495224581271813e-05,0.001,charge,1.2718722456250474e-05,9.7765021250213388e-06
0.47000000000000003,2.3005674928445178e-05,0.001,charge,1.2792669583941333e-05,1.0213005344503845e-05
0.47500000000000003,2.352430276531791e-05,0.001,charge,1.2855620589523765e-05,1.0668682175794147e-05
0.47999999999999998,2.4050249747347127e-05,0.001,charge,1.2907386941453603e-05,1.1142862805893523e-05
0.48499999999999999,2.4582460409612764e-05,0.001,charge,1.29478128935216e-05,1.1634647516091165e-05
0.48999999999999999,2.5119673722759996e-05,0.001,charge,1.2976776373671822e-05,1.2142897349088172e-05
0.495,2.5660417050781176e-05,0.001,charge,1.2994189683129283e-05,1.2666227367651892e-05
0.5,2.6203002825431159e-05,0.001,charge,1.3000000000000001e-05,1.320300282543116e-05
0.505,2.6745528223060617e-05,0.001,charge,1.2994189683129283e-05,1.3751338539931336e-05
0.51000000000000001,2.7285878091961743e-05,0.001,charge,1.2976776373671822e-05,1.430910171828992e-05
0.51500000000000001,2.7821731332223296e-05,0.001,charge,1.29478128935216e-05,1.4873918438701697e-05
0.52000000000000002,2.8350570876114706e-05,0.001,charge,1.2907386941453603e-05,1.5443183934661103e-05
0.52500000000000002,2.8869697355938539e-05,0.001,charge,1.2855620589523765e-05,1.6014076766414775e-05
0.53000000000000003,2.9376246479133959e-05,0.001,charge,1.2792669583941331e-05,1.6583576895192628e-05
0.53500000000000003,2.9867210058438672e-05,0.001,charge,1.2718722456250474e-05,1.7148487602188195e-05
0.54000000000000004,3.0339460569595644e-05,0.001,charge,1.2633999452218888e-05,1.7705461117376756e-05
0.54500000000000004,3.0789779032074939e-05,0.001,charge,1.2538751287313747e-05,1.8251027744761196e-05
0.55000000000000004,3.1214885931367394e-05,0.001,charge,1.2433257739034338e-05,1.8781628192333057e-05
0.55500000000000005,3.161147482649007e-05,0.001,charge,1.2317826087652186e-05,1.9293648738837884e-05
0.56000000000000005,3.1976248215366819e-05,0.001,charge,1.2192789418070004e-05,1.9783458797296812e-05
0.56500000000000006,3.2305955165648164e-05,0.001,charge,1.205850479654004e-05,2.0247450369108121e-05
0.57000000000000006,3.2597430161185826e-05,0.001,charge,1.1915351336869652e-05,2.0682078824316174e-05
0.57500000000000007,3.2847632566530372e-05,0.001,charge,1.1763728171480154e-05,2.1083904395050221e-05
0.57999999999999996,3.3053686075047444e-05,0.001,charge,1.1604052343267593e-05,2.144963373177985e-05
0.58499999999999996,3.3212917481889263e-05,0.001,charge,1.14367566346371e-05,2.1776160847252163e-05
0.58999999999999997,3.3322894112171458e-05,0.001,charge,1.1262287350343552e-05,2.2060606761827907e-05
0.59499999999999997,3.3381459238027073e-05,0.001,charge,1.1081102070870086e-05,2.2300357167156988e-05
0.59999999999999998,3.3386764836119035e-05,0.001,charge,1.089366739301393e-05,2.2493097443105102e-05
0.60499999999999998,3.3337301069692942e-05,0.001,charge,1.0700456674129962e-05,2.263684439556298e-05
0.60999999999999999,3.3231921925954043e-05,0.001,charge,1.050194779611065e-05,2.2729974129843391e-05
0.61499999999999999,3.3069866499680979e-05,0.001,charge,1.0298620964664344e-05,2.2771245535016634e-05
0.62,3.2850775486390719e-05,0.001,charge,1.00909565588e-05,2.2759818927590722e-05
0.625,3.257470253154151e-05,0.001,charge,9.879433044645483e-06,2.2695269486896027e-05
0.63,3.2242120174385431e-05,0.001,charge,9.664524966829555e-06,2.2577595207555878e-05
0.63500000000000001,3.1853920224077116e-05,0.001,charge,9.4467010296568613e-06,2.2407219194420255e-05
0.64000000000000001,3.1411408509214121e-05,0.001,charge,9.2264222792135221e-06,2.2184986230000599e-05
0.64500000000000002,3.0916294047688894e-05,0.001,charge,9.0041403963724153e-06,2.1912153651316479e-05
0.65000000000000002,3.037067278905424e-05,0.001,charge,8.7802961094362404e-06,2.1590376679618e-05
0.65500000000000003,2.9777006184021736e-05,0.001,charge,8.5553177338776251e-06,2.1221688450144111e-05
0.66000000000000003,2.9138094932771579e-05,0.001,charge,8.3296198453237815e-06,2.0808475087447797e-05
0.66500000000000004,2.8457048353138505e-05,0.001,charge,8.1036020906034487e-06,2.0353446262535056e-05
0.67000000000000004,2.7737249889342409e-05,0.001,charge,7.8776481403406812e-06,1.985960174900173e-05
0.67500000000000004,2.6982319349911295e-05,0.001,charge,7.652124785257606e-06,1.9330194564653688e-05
0.68000000000000005,2.6196072518272669e-05,0.001,charge,7.4273811770501554e-06,1.8768691341222514e-05
0.68500000000000005,2.5382478820002733e-05,0.001,charge,7.2037482134401891e-06,1.8178730606562545e-05
0.69000000000000006,2.4545617756141532e-05,0.001,charge,6.9815380657958623e-06,1.7564079690345668e-05
0.69500000000000006,2.3689634821940163e-05,0.001,charge,6.7610438465613518e-06,1.692859097537881e-05
0.70000000000000007,2.2818697624939774e-05,0.001,charge,6.5425394126562513e-06,1.6276158212283523e-05
0.70499999999999996,2.1936952895839178e-05,0.001,charge,6.3262793000036073e-06,1.5610673595835571e-05
0.70999999999999996,2.1048485051012179e-05,0.001,charge,6.1124987834306924e-06,1.4935986267581485e-05
0.71499999999999997,2.015727691796465e-05,0.001,charge,5.9014140553648194e-06,1.425586286259983e-05
0.71999999999999997,1.9267173175957919e-05,0.001,charge,5.6932225160222709e-06,1.3573950659935649e-05
0.72499999999999998,1.8381846995212295e-05,0.001,charge,5.4881031671658721e-06,1.2893743828046422e-05
0.72999999999999998,1.7504770281481432e-05,0.001,charge,5.2862171009875058e-06,1.2218553180493927e-05
0.73499999999999999,1.6639187850436945e-05,0.001,charge,5.087708075257555e-06,1.155147977517939e-05
0.73999999999999999,1.5788095770373913e-05,0.001,charge,4.8927031655728468e-06,1.0895392604801066e-05
0.745,1.4954224024409015e-05,0.001,charge,4.7013134853274256e-06,1.025291053908159e-05
0.75,1.414002355670316e-05,0.001,charge,4.513634963923001e-06,9.6263885927801588e-06
0.755,1.3347657683305504e-05,0.001,charge,4.3297491737253878e-06,9.0179085095801159e-06
0.76000000000000001,1.2578997768823876e-05,0.001,charge,4.1497241963540788e-06,8.429273572469796e-06
0.76500000000000001,1.1835622996915521e-05,0.001,charge,3.9736155190598425e-06,7.862007477855678e-06
0.77000000000000002,1.1118823996952111e-05,0.001,charge,3.8014669521929464e-06,7.3173570447591643e-06
0.77500000000000002,1.0429610032267402e-05,0.001,charge,3.6333115590858558e-06,6.7962984731815449e-06
0.78000000000000003,9.7687194079807176e-06,0.001,charge,3.4691725900617725e-06,6.2995468179189447e-06
0.78500000000000003,9.1366327190446942e-06,0.001,charge,3.3090644127262379e-06,5.8275683063184564e-06
0.79000000000000004,8.5335885321403121e-06,0.001,charge,3.1529934311954919e-06,5.3805951009448197e-06
0.79500000000000004,7.9596010783020908e-06,0.001,charge,3.0009589874541978e-06,4.958642090847893e-06
0.80000000000000004,7.4144795264046357e-06,0.001,charge,2.8529542386083914e-06,4.5615252877962442e-06
0.80500000000000005,6.8978484103431308e-06,0.001,charge,2.7089670043989123e-06,4.1888814059442181e-06
0.81000000000000005,6.4091687941545544e-06,0.001,charge,2.5689805799584138e-06,3.8401882141961405e-06
0.81500000000000006,5.9477597785400111e-06,0.001,charge,2.4329745094233712e-06,3.5147852691166399e-06
0.82000000000000006,5.5128199782176276e-06,0.001,charge,2.3009253166444673e-06,3.2118946615731602e-06
0.82500000000000007,5.1034486311194588e-06,0.001,charge,2.172807189866737e-06,2.9306414412527223e-06
0.83000000000000007,4.7186660364531663e-06,0.001,charge,2.0485926178691519e-06,2.6700734185840144e-06
0.83499999999999996,4.3574330578692489e-06,0.001,charge,1.9282529756554595e-06,2.4291800822137889e-06
0.83999999999999997,4.0186694692171245e-06,0.001,charge,1.8117590583689808e-06,2.2069104108481437e-06
0.84499999999999997,3.7012709624989184e-06,0.001,charge,1.6990815626589251e-06,2.0021893998399935e-06
0.84999999999999998,3.4041246795761861e-06,0.001,charge,1.5901915152502121e-06,1.8139331643259738e-06
0.85499999999999998,3.126123169993289e-06,0.001,charge,1.485060648959622e-06,1.641062521033667e-06
0.85999999999999999,2.8661767161100859e-06,0.001,charge,1.3836617268552558e-06,1.4825149892548303e-06
0.86499999999999999,2.623224002876393e-06,0.001,charge,1.2859688156713677e-06,1.337255187205025e-06
0.87,2.3962411424615072e-06,0.001,charge,1.1919575099653343e-06,1.2042836324961728e-06
0.875,2.1842490931436164e-06,0.001,charge,1.1016051088363845e-06,1.0826439843072317e-06
0.88,1.986319537076399e-06,0.001,charge,1.0148907473166233e-06,9.7142878975977549e-07
0.88500000000000001,1.8015793026252631e-06,0.001,charge,9.3179548479345753e-07,8.6978381783180549e-07
0.89000000000000001,1.6292134338695661e-06,0.001,charge,8.5230235302962671e-07,7.7691108083993946e-07
0.89500000000000002,1.4684670226761483e-06,0.001,charge,7.7639636651344336e-07,6.9207065616270484e-07
0.90000000000000002,1.318645927636555e-06,0.001,charge,7.0406449799887072e-07,6.1458142963768429e-07
0.90500000000000003,1.1791165093799272e-06,0.001,charge,6.3529562218465877e-07,5.4382088719526835e-07
0.91000000000000003,1.0493045136434342e-06,0.001,charge,5.700804305355782e-07,4.79224083107856e-07
0.91500000000000004,9.2869323236955858e-07,0.001,charge,5.0841132026949206e-07,4.2028191210006652e-07
0.92000000000000004,8.1682106940228458e-07,0.001,charge,4.502822605237376e-07,3.6653880887854698e-07
0.92500000000000004,7.1327863148821561e-07,0.001,charge,3.956886386759721e-07,3.175899928122435e-07
0.93000000000000005,6.1770545767182792e-07,0.001,charge,3.4462708973076255e-07,2.7307836794106537e-07
0.93500000000000005,5.2978649121642222e-07,0.001,charge,2.9709531159680567e-07,2.3269117961961656e-07
0.94000000000000006,4.4924838827368397e-07,0.001,charge,2.5309186897343128e-07,1.961565193002527e-07
0.94500000000000006,3.7585574702785029e-07,0.001,charge,2.1261598844196785e-07,1.6323975858588247e-07
0.95000000000000007,3.0940733028311702e-07,0.001,charge,1.7566734722022419e-07,1.3373998306289283e-07
0.95500000000000007,2.4973234373481551e-07,0.001,charge,1.4224585788967563e-07,1.0748648584513991e-07
0.95999999999999996,1.9668682171359879e-07,0.001,charge,1.123514512474157e-07,8.4335370466183097e-08
0.96499999999999997,1.5015016222246644e-07,0.001,charge,8.59838592710396e-08,6.4166302951426837e-08
0.96999999999999997,1.1002184376175674e-07,0.001,charge,6.3142400016787365e-08,4.6879443744969379e-08
0.97499999999999998,7.6218347878730313e-08,0.001,charge,4.3825766101466199e-08,3.239258177726412e-08
0.97999999999999998,4.8670303670031449e-08,0.001,charge,2.8031818249089286e-08,2.063848542094216e-08
0.98499999999999999,2.7319863655608827e-08,0.001,charge,1.5757385215465647e-08,1.1562478440143179e-08
0.98999999999999999,1.2118314549456703e-08,0.001,charge,6.9980712397883284e-09,5.1202433096683744e-09
0.995,3.0239214670084589e-09,0.001,charge,1.7480720130474415e-09,1.2758494539610174e-09
1,0,0.001,charge,0,0
0,0,0.002,charge,0,0
0.0050000000000000001,5.2615274021848248e-09,0.002,charge,3.4961440260948665e-09,1.7653833760899581e-09
0.01,2.1055933858925672e-08,0.002,charge,1.3996142479576708e-08,7.0597913793489642e-09
0.014999999999999999,4.7392769710244169e-08,0.002,charge,3.1514770430930898e-08,1.5877999279313271e-08
0.02,8.4274941406429479e-08,0.002,charge,5.6063636498178194e-08,2.8211304908251285e-08
0.025000000000000001,1.3169906951495985e-07,0.002,charge,8.7651532202932107e-08,4.404753731202774e-08
0.029999999999999999,1.8965586888453397e-07,0.002,charge,1.2628480003357462e-07,6.3371068850959356e-08
0.035000000000000003,2.5813054929086648e-07,0.002,charge,1.7196771854207806e-07,8.6162830748788422e-08
0.040000000000000001,3.3710323458272796e-07,0.002,charge,2.2470290249483039e-07,1.1240033208789755e-07
0.044999999999999998,4.2654939802926891e-07,0.002,charge,2.8449171577935232e-07,1.4205768224991659e-07
0.050000000000000003,5.2644031124365184e-07,0.002,charge,3.5133469444044786e-07,1.7510561680320401e-07
0.055,6.3674350372659579e-07,0.002,charge,4.252319768839355e-07,2.1151152684266035e-07
0.059999999999999998,7.574232297402253e-07,0.002,charge,5.0618373794686256e-07,2.5123949179336274e-07
0.065000000000000002,8.8844093889170557e-07,0.002,charge,5.9419062319361218e-07,2.9425031569809333e-07
0.070000000000000007,1.0297557464821054e-06,0.002,charge,6.8925417946152668e-07,3.4050156702057864e-07
0.074999999999999997,1.1813248993638263e-06,0.002,charge,7.9137727735194304e-07,3.8994762201188316e-07
0.080000000000000002,1.3431042327552362e-06,0.002,charge,9.0056452104747498e-07,4.425397117077613e-07
0.085000000000000006,1.5150486131898734e-06,0.002,charge,1.016822640538985e-06,4.9822597265088842e-07
0.089999999999999997,1.697112362536113e-06,0.002,charge,1.1401608610711577e-06,5.569515014649554e-07
0.095000000000000001,1.8892496578183036e-06,0.002,charge,1.2705912443693156e-06,6.1865841344898794e-07
0.10000000000000001,2.091414901409303e-06,0.002,charge,1.4081289959977404e-06,6.8328590541156261e-07
0.105,2.3035630560545202e-06,0.002,charge,1.5527927330268861e-06,7.5077032302763413e-07
0.11,2.5256499391368077e-06,0.002,charge,1.7046047060592541e-06,8.2104523307755341e-07
0.115,2.7576324706077583e-06,0.002,charge,1.8635909695869121e-06,8.9404150102084614e-07
0.12,2.9994688691022677e-06,0.002,charge,2.0297814946332436e-06,9.696873744690239e-07
0.125,3.2511187909277051e-06,0.002,charge,2.2032102176727674e-06,1.0479085732549375e-06
0.13,3.5125434068846585e-06,0.002,charge,2.3839150199306687e-06,1.1286283869539898e-06
0.13500000000000001,3.783705412240969e-06,0.002,charge,2.5719376313427368e-06,1.2117677808982323e-06
0.14000000000000001,4.0645689656517774e-06,0.002,charge,2.767323453710509e-06,1.2972455119412688e-06
0.14499999999999999,4.3550995534028527e-06,0.002,charge,2.970121297919241e-06,1.3849782554836121e-06
0.14999999999999999,4.6552637760585046e-06,0.002,charge,3.1803830305004225e-06,1.4748807455580825e-06
0.155,4.9650290554242152e-06,0.002,charge,3.3981631253178503e-06,1.566865930106365e-06
0.16,5.2843632606920792e-06,0.002,charge,3.6235181167379569e-06,1.6608451439541227e-06
0.16500000000000001,5.6132342537264887e-06,0.002,charge,3.8565059513109165e-06,1.756728302415572e-06
0.17000000000000001,5.9516093546694887e-06,0.002,charge,4.0971852357383081e-06,1.8544241189311802e-06
0.17500000000000002,6.299454730398581e-06,0.002,charge,4.3456143797334731e-06,1.9538403506651075e-06
0.17999999999999999,6.6567347098507427e-06,0.002,charge,4.6018506332889347e-06,2.054884076561808e-06
0.185,7.023411031828772e-06,0.002,charge,4.8659490188467441e-06,2.1574620129820279e-06
0.19,7.3994420326202304e-06,0.002,charge,5.1379611599168293e-06,2.2614808727034011e-06
0.19500000000000001,7.7847817825713989e-06,0.002,charge,5.4179340087978296e-06,2.3668477737735697e-06
0.20000000000000001,8.1793791826520952e-06,0.002,charge,5.7059084772167803e-06,2.473470705435314e-06
0.20500000000000002,8.5831770339994585e-06,0.002,charge,6.0019179749083957e-06,2.5812590590910637e-06
0.20999999999999999,8.9961110954132355e-06,0.002,charge,6.3059868623909839e-06,2.6901242330222516e-06
0.215,9.4181091457594914e-06,0.002,charge,6.6181288254524757e-06,2.7999803203070156e-06
0.22,9.8490900701863592e-06,0.002,charge,6.9383451801235407e-06,2.9107448900628176e-06
0.22500000000000001,1.0288962990920511e-05,0.002,charge,7.2666231181717099e-06,3.0223398727488013e-06
0.23000000000000001,1.0737626465147038e-05,0.002,charge,7.6029339043858928e-06,3.1346925607611459e-06
0.23500000000000001,1.1194967774022677e-05,0.002,charge,7.947231038119685e-06,3.247736735902992e-06
0.23999999999999999,1.1660862328171136e-05,0.002,charge,8.2994483927081525e-06,3.3614139354629839e-06
0.245,1.2135173215993301e-05,0.002,charge,8.6594983474507739e-06,3.4756748685425283e-06
0.25,1.2617750921721901e-05,0.002,charge,9.0272699278459985e-06,3.590480993875903e-06
0.255,1.3108433240285122e-05,0.002,charge,9.4026269706548511e-06,3.7058062696302708e-06
0.26000000000000001,1.3607045415637651e-05,0.002,charge,9.785406331145697e-06,3.8216390844919549e-06
0.26500000000000001,1.4113400528192415e-05,0.002,charge,1.0175416150515103e-05,3.9379843776773111e-06
0.27000000000000002,1.4627300155262225e-05,0.002,charge,1.057243420197501e-05,4.054865953287214e-06
0.27500000000000002,1.5148535325923722e-05,0.002,charge,1.0976206334331744e-05,4.1723289915919783e-06
0.28000000000000003,1.5676887788375821e-05,0.002,charge,1.1386445032044542e-05,4.2904427563312798e-06
0.28500000000000003,1.6212131603621182e-05,0.002,charge,1.1802828110729632e-05,4.4093034928915503e-06
0.28999999999999998,1.6754035074103475e-05,0.002,charge,1.2224997566861376e-05,4.5290375072420981e-06
0.29499999999999998,1.7302363009752704e-05,0.002,charge,1.2652558600007203e-05,4.6498044097455018e-06
0.29999999999999999,1.7856879326712125e-05,0.002,charge,1.3085078825312506e-05,4.7718005013996206e-06
0.30499999999999999,1.8417349965854104e-05,0.002,charge,1.3522087693122704e-05,4.8952622727313993e-06
0.31,1.8983546109076656e-05,0.002,charge,1.3963076131591726e-05,5.0204699774849284e-06
0.315,1.9555247661375469e-05,0.002,charge,1.4407496426880382e-05,5.1477512344950865e-06
0.32000000000000001,2.0132246955913303e-05,0.002,charge,1.4854762354100318e-05,5.2774846018129867e-06
0.32500000000000001,2.0714352627899721e-05,0.002,charge,1.5304249570515212e-05,5.4101030573845086e-06
0.33000000000000002,2.1301393591231633e-05,0.002,charge,1.5755296280681366e-05,5.5460973105502672e-06
0.33500000000000002,2.1893223039751519e-05,0.002,charge,1.6207204181206901e-05,5.6860188585446175e-06
0.34000000000000002,2.2489722382919922e-05,0.002,charge,1.6659239690647573e-05,5.8304826922723472e-06
0.34500000000000003,2.3090805013977415e-05,0.002,charge,1.7110635467755254e-05,5.9801695462221626e-06
0.35000000000000003,2.3696419797632079e-05,0.002,charge,1.7560592218872477e-05,6.1358275787596027e-06
0.35499999999999998,2.430655415432863e-05,0.002,charge,1.8008280792744827e-05,6.2982733615838028e-06
0.35999999999999999,2.4921236609641799e-05,0.002,charge,1.8452844558427048e-05,6.4683920512147532e-06
0.36499999999999999,2.5540538670714042e-05,0.002,charge,1.8893402059313716e-05,6.6471366114003275e-06
0.37,2.616457588736468e-05,0.002,charge,1.9329049933659103e-05,6.8355259537055789e-06
0.375,2.6793507953969101e-05,0.002,charge,1.9758866089290966e-05,7.0346418646781369e-06
0.38,2.7427537709867043e-05,0.002,charge,2.0181913117600001e-05,7.2456245922670424e-06
0.38500000000000001,2.8066908901300294e-05,0.002,charge,2.0597241929328688e-05,7.4696669719716056e-06
0.39000000000000001,2.8711902577053597e-05,0.002,charge,2.10038955922213e-05,7.7080069848322968e-06
0.39500000000000002,2.9362832003366106e-05,0.002,charge,2.1400913348259916e-05,7.9619186551061878e-06
0.40000000000000002,3.0020036001504333e-05,0.002,charge,2.1787334786027856e-05,8.232701215476477e-06
0.40500000000000003,3.0683870633757062e-05,0.002,charge,2.2162204141740166e-05,8.5216664920168942e-06
0.41000000000000003,3.1354699190532659e-05,0.002,charge,2.2524574700687104e-05,8.830124489845558e-06
0.41500000000000004,3.2032880462587218e-05,0.002,charge,2.2873513269274192e-05,9.1593671933130293e-06
0.41999999999999998,3.2718755317930489e-05,0.002,charge,2.3208104686535179e-05,9.5106506313953099e-06
0.42499999999999999,3.3412631642238443e-05,0.002,charge,2.3527456342960307e-05,9.8851752992781395e-06
0.42999999999999999,3.4114767744088084e-05,0.002,charge,2.3830702673739301e-05,1.0284065070348783e-05
0.435,3.4825354371308976e-05,0.002,charge,2.411700959308008e-05,1.0708344778228894e-05
0.44,3.5544495531352927e-05,0.002,charge,2.4385578836140011e-05,1.1158916695212918e-05
0.44500000000000001,3.6272188355813579e-05,0.002,charge,2.4635652175304382e-05,1.1636536180509199e-05
0.45000000000000001,3.7008302295948035e-05,0.002,charge,2.4866515478068686e-05,1.214178681787935e-05
0.45500000000000002,3.7752557981024788e-05,0.002,charge,2.5077502574627494e-05,1.2675055406397291e-05
0.46000000000000002,3.8504506113223592e-05,0.002,charge,2.5267998904437787e-05,1.3236507208785804e-05
0.46500000000000002,3.9263506810275509e-05,0.002,charge,2.5437444912500949e-05,1.3826061897774562e-05
0.47000000000000003,4.0028709838668907e-05,0.002,charge,2.5585339167882666e-05,1.4443370670786242e-05
0.47500000000000003,4.0799036204703718e-05,0.002,charge,2.571124117904753e-05,1.5087795025656185e-05
0.47999999999999998,4.1573161586664544e-05,0.002,charge,2.5814773882907207e-05,1.575838770375734e-05
0.48499999999999999,4.2349502097729764e-05,0.002,charge,2.5895625787043199e-05,1.6453876310686568e-05
0.48999999999999999,4.3126202864928442e-05,0.002,charge,2.5953552747343644e-05,1.7172650117584798e-05
0.495,4.3901129893693144e-05,0.002,charge,2.5988379366258567e-05,1.7912750527434574e-05
0.5,4.4671865659775043e-05,0.002,charge,2.6000000000000002e-05,1.8671865659775041e-05
0.505,4.5435708830213297e-05,0.002,charge,2.5988379366258567e-05,1.944732946395473e-05
0.51000000000000001,4.6189678462725408e-05,0.002,charge,2.5953552747343644e-05,2.0236125715381763e-05
0.51500000000000001,4.6930522968686395e-05,0.002,charge,2.5895625787043199e-05,2.1034897181643193e-05
0.52000000000000002,4.7654734049527239e-05,0.002,charge,2.5814773882907207e-05,2.1839960166620032e-05
0.52500000000000002,4.8358565730995186e-05,0.002,charge,2.571124117904753e-05,2.2647324551947656e-05
0.53000000000000003,4.9038058525721176e-05,0.002,charge,2.5585339167882662e-05,2.3452719357838517e-05
0.53500000000000003,4.968906865370237e-05,0.002,charge,2.5437444912500949e-05,2.4251623741201425e-05
0.54000000000000004,5.0307302144701475e-05,0.002,charge,2.5267998904437777e-05,2.5039303240263702e-05
0.54500000000000004,5.0888353538516419e-05,0.002,charge,2.5077502574627494e-05,2.5810850963888925e-05
0.55000000000000004,5.1427748791114963e-05,0.002,charge,2.4866515478068676e-05,2.6561233313046287e-05
0.55500000000000005,5.1920991889431475e-05,0.002,charge,2.4635652175304372e-05,2.7285339714127099e-05
0.56000000000000005,5.2363614577926487e-05,0.002,charge,2.4385578836140008e-05,2.7978035741786476e-05
0.56500000000000006,5.2751228508548912e-05,0.002,charge,2.411700959308008e-05,2.8634218915468832e-05
0.57000000000000006,5.3079579045156636e-05,0.002,charge,2.3830702673739304e-05,2.9248876371417332e-05
0.57500000000000007,5.3344599886218035e-05,0.002,charge,2.3527456342960307e-05,2.9817143543257731e-05
0.57999999999999996,5.3542467617953674e-05,0.002,charge,2.3208104686535186e-05,3.0334362931418488e-05
0.58499999999999996,5.3669655275876201e-05,0.002,charge,2.2873513269274199e-05,3.0796142006602001e-05
0.58999999999999997,5.372298397744374e-05,0.002,charge,2.2524574700687104e-05,3.1198409276756632e-05
0.59499999999999997,5.3699671693297651e-05,0.002,charge,2.2162204141740173e-05,3.1537467551557474e-05
0.59999999999999998,5.3597378249846682e-05,0.002,charge,2.1787334786027859e-05,3.1810043463818823e-05
0.60499999999999998,5.3414245701794475e-05,0.002,charge,2.1400913348259923e-05,3.2013332353534552e-05
0.60999999999999999,5.314893327903542e-05,0.002,charge,2.10038955922213e-05,3.2145037686814117e-05
0.61499999999999999,5.2800646197076997e-05,0.002,charge,2.0597241929328688e-05,3.2203404267748309e-05
0.62,5.2369157722154672e-05,0.002,charge,2.0181913117600001e-05,3.2187244604554671e-05
0.625,5.1854823999371606e-05,0.002,charge,1.9758866089290966e-05,3.209595791008064e-05
0.63,5.1258591281954432e-05,0.002,charge,1.932904993365911e-05,3.1929541348295318e-05
0.63500000000000001,5.0581995339129587e-05,0.002,charge,1.8893402059313723e-05,3.1688593279815865e-05
0.64000000000000001,4.982715296595425e-05,0.002,charge,1.8452844558427044e-05,3.1374308407527206e-05
0.64500000000000002,4.8996745667239729e-05,0.002,charge,1.8008280792744831e-05,3.0988464874494899e-05
0.65000000000000002,4.8093995735932051e-05,0.002,charge,1.7560592218872481e-05,3.053340351705957e-05
0.65500000000000003,4.7122635090405518e-05,0.002,charge,1.711063546775525e-05,3.0011999622650271e-05
0.66000000000000003,4.6086867371618911e-05,0.002,charge,1.6659239690647563e-05,2.9427627680971352e-05
0.66500000000000004,4.4991323926715953e-05,0.002,charge,1.6207204181206897e-05,2.8784119745509059e-05
0.67000000000000004,4.3841014417448046e-05,0.002,charge,1.5755296280681362e-05,2.8085718136766687e-05
0.67500000000000004,4.2641272887159146e-05,0.002,charge,1.5304249570515212e-05,2.733702331664393e-05
0.68000000000000005,4.1397700196851668e-05,0.002,charge,1.4854762354100311e-05,2.6542937842751356e-05
0.68500000000000005,4.0116103797408006e-05,0.002,charge,1.4407496426880378e-05,2.570860737052763e-05
0.69000000000000006,3.8802435840280403e-05,0.002,charge,1.3963076131591725e-05,2.4839359708688678e-05
0.69500000000000006,3.7462730642370202e-05,0.002,charge,1.3522087693122704e-05,2.3940642949247497e-05
0.70000000000000007,3.6103042512454091e-05,0.002,charge,1.3085078825312503e-05,2.3017963687141588e-05
0.70499999999999996,3.4729384917017448e-05,0.002,charge,1.2652558600007215e-05,2.2076826317010235e-05
0.70999999999999996,3.3347671913893425e-05,0.002,charge,1.2224997566861385e-05,2.112267434703204e-05
0.71499999999999997,3.1963662714349257e-05,0.002,charge,1.1802828110729639e-05,2.0160834603619617e-05
0.71999999999999997,3.0582910150308763e-05,0.002,charge,1.1386445032044542e-05,1.919646511826422e-05
0.72499999999999998,2.9210713725719381e-05,0.002,charge,1.0976206334331744e-05,1.8234507391387639e-05
0.72999999999999998,2.7852077822406441e-05,0.002,charge,1.0572434201975012e-05,1.7279643620431428e-05
0.73499999999999999,2.6511675514052316e-05,0.002,charge,1.017541615051511e-05,1.6336259363537206e-05
0.73999999999999999,2.5193818320234885e-05,0.002,charge,9.7854063311456936e-06,1.5408411989089192e-05
0.745,2.3902432108822078e-05,0.002,charge,9.4026269706548511e-06,1.4499805138167227e-05
0.75,2.264103923242936e-05,0.002,charge,9.0272699278460019e-06,1.3613769304583356e-05
0.755,2.1412746865938721e-05,0.002,charge,8.6594983474507756e-06,1.2753248518487945e-05
0.76000000000000001,2.0220241399848054e-05,0.002,charge,8.2994483927081576e-06,1.1920793007139897e-05
0.76500000000000001,1.9065788640781878e-05,0.002,charge,7.947231038119685e-06,1.1118557602662192e-05
0.77000000000000002,1.7951239477810613e-05,0.002,charge,7.6029339043858928e-06,1.0348305573424721e-05
0.77500000000000002,1.6878040592880613e-05,0.002,charge,7.2666231181717116e-06,9.611417474708901e-06
0.78000000000000003,1.5847249726828791e-05,0.002,charge,6.938345180123545e-06,8.908904546705247e-06
0.78500000000000003,1.4859554959903645e-05,0.002,charge,6.6181288254524757e-06,8.2414261344511693e-06
0.79000000000000004,1.3915297427785381e-05,0.002,charge,6.3059868623909839e-06,7.6093105653943974e-06
0.79500000000000004,1.3014496870739568e-05,0.002,charge,6.0019179749083957e-06,7.012578895831172e-06
0.80000000000000004,1.2156879404326066e-05,0.002,charge,5.7059084772167829e-06,6.450970927109284e-06
0.80500000000000005,1.1341906904256617e-05,0.002,charge,5.4179340087978245e-06,5.923972895458792e-06
0.81000000000000005,1.0568807414498326e-05,0.002,charge,5.1379611599168276e-06,5.4308462545814992e-06
0.81500000000000006,9.8366060152606637e-06,0.002,charge,4.8659490188467424e-06,4.9706569964139213e-06
0.82000000000000006,9.1441556245994406e-06,0.002,charge,4.6018506332889347e-06,4.5423049913105059e-06
0.82500000000000007,8.4901672524057083e-06,0.002,charge,4.3456143797334739e-06,4.1445528726722344e-06
0.83000000000000007,7.8732392768317101e-06,0.002,charge,4.0971852357383038e-06,3.7760540410934072e-06
0.83499999999999996,7.2918853690242499e-06,0.002,charge,3.856505951310919e-06,3.4353794177133304e-06
0.83999999999999997,6.7445607507017862e-06,0.002,charge,3.6235181167379616e-06,3.1210426339638242e-06
0.84499999999999997,6.2296865290112177e-06,0.002,charge,3.3981631253178503e-06,2.831523403693367e-06
0.84999999999999998,5.7456719127285606e-06,0.002,charge,3.1803830305004242e-06,2.5652888822281364e-06
0.85499999999999998,5.2909341718672389e-06,0.002,charge,2.970121297919244e-06,2.3208128739479945e-06
0.85999999999999999,4.8639162579360961e-06,0.002,charge,2.7673234537105116e-06,2.0965928042255845e-06
0.86499999999999999,4.4631020534418541e-06,0.002,charge,2.5719376313427355e-06,1.8911644220991188e-06
0.87,4.0870292659506926e-06,0.002,charge,2.3839150199306687e-06,1.7031142460200239e-06
0.875,3.7343000235017007e-06,0.002,charge,2.2032102176727691e-06,1.5310898058289314e-06
0.88,3.4035892639912031e-06,0.002,charge,2.0297814946332465e-06,1.3738077693579565e-06
0.88500000000000001,3.0936510410973041e-06,0.002,charge,1.8635909695869151e-06,1.2300600715103888e-06
0.89000000000000001,2.8033228933410356e-06,0.002,charge,1.7046047060592534e-06,1.0987181872817824e-06
0.89500000000000002,2.5315284410926311e-06,0.002,charge,1.5527927330268867e-06,9.7873570806574435e-07
0.90000000000000002,2.2772783889740008e-06,0.002,charge,1.4081289959977414e-06,8.6914939297625914e-07
0.90500000000000003,2.0396701185426351e-06,0.002,charge,1.2705912443693175e-06,7.6907887417331755e-07
0.91000000000000003,1.8178860588180975e-06,0.002,charge,1.1401608610711564e-06,6.777251977469412e-07
0.91500000000000004,1.6111910206509952e-06,0.002,charge,1.0168226405389841e-06,5.9436838011201105e-07
0.92000000000000004,1.4189286756995963e-06,0.002,charge,9.0056452104747519e-07,5.18364154652121e-07
0.92500000000000004,1.2405173524609927e-06,0.002,charge,7.9137727735194421e-07,4.4914007510904857e-07
0.93000000000000005,1.0754453109944901e-06,0.002,charge,6.8925417946152509e-07,3.861911315329649e-07
0.93500000000000005,9.2326564525626697e-07,0.002,charge,5.9419062319361134e-07,3.2907502206265569e-07
0.94000000000000006,7.835909478891797e-07,0.002,charge,5.0618373794686256e-07,2.7740720994231715e-07
0.94500000000000006,6.5608785739460062e-07,0.002,charge,4.2523197688393571e-07,2.3085588051066489e-07
0.95000000000000007,5.404715923195395e-07,0.002,charge,3.5133469444044839e-07,1.8913689787909108e-07
0.95500000000000007,4.3650056183337184e-07,0.002,charge,2.8449171577935126e-07,1.5200884605402058e-07
0.95999999999999996,3.4397112719586693e-07,0.002,charge,2.2470290249483139e-07,1.1926822470103551e-07
0.96499999999999997,2.6271257442332782e-07,0.002,charge,1.719677185420792e-07,9.0744855881248605e-08
0.96999999999999997,1.9258234517421697e-07,0.002,charge,1.2628480003357473e-07,6.6297545140642257e-08
0.97499999999999998,1.3346156067261888e-07,0.002,charge,8.7651532202932398e-08,4.5810028469686493e-08
0.97999999999999998,8.5250862487314376e-08,0.002,charge,5.6063636498178571e-08,2.9187225989135801e-08
0.98499999999999999,4.7866584255628284e-08,0.002,charge,3.1514770430931295e-08,1.6351813824696993e-08
0.98999999999999999,2.1237260010759774e-08,0.002,charge,1.3996142479576657e-08,7.241117531183118e-09
0.995,5.3004676274328615e-09,0.002,charge,3.4961440260948831e-09,1.8043236013379786e-09
1,0,0.002,charge,0,0
1,-0,0.00020000000000000001,discharge,-0,-0
0.995,-9.0787764379368149e-10,0.00020000000000000001,discharge,-3.4961440260948833e-10,-5.5826324118419316e-10
0.98999999999999999,-3.6321163043941113e-09,0.00020000000000000001,discharge,-1.3996142479576656e-09,-2.2325020564364455e-09
0.98499999999999999,-8.1725412840073918e-09,0.00020000000000000001,discharge,-3.1514770430931298e-09,-5.0210642409142619e-09
0.97999999999999998,-1.4527561577374074e-08,0.00020000000000000001,discharge,-5.6063636498178573e-09,-8.921197927556218e-09
0.97499999999999998,-2.2694207543019132e-08,0.00020000000000000001,discharge,-8.7651532202932388e-09,-1.3929054322725892e-08
0.96999999999999997,-3.2668171536195589e-08,0.00020000000000000001,discharge,-1.2628480003357475e-08,-2.0039691532838116e-08
0.96499999999999997,-4.4443851335584368e-08,0.00020000000000000001,discharge,-1.719677185420792e-08,-2.7247079481376452e-08
0.95999999999999996,-5.8014396165189841e-08,0.00020000000000000001,discharge,-2.2470290249483141e-08,-3.55441059157067e-08
0.95500000000000007,-7.3371755081355915e-08,0.00020000000000000001,discharge,-2.8449171577935127e-08,-4.4922583503420785e-08
0.95000000000000007,-9.0506727462722605e-08,0.00020000000000000001,discharge,-3.5133469444044835e-08,-5.537325801867777e-08
0.94500000000000006,-1.0940901530865857e-07,0.00020000000000000001,discharge,-4.2523197688393572e-08,-6.6885817620264988e-08
0.94000000000000006,-1.3006727701970704e-07,0.00020000000000000001,discharge,-5.0618373794686258e-08,-7.9448903225020779e-08
0.93500000000000005,-1.5246918230231833e-07,0.00020000000000000001,discharge,-5.9419062319361131e-08,-9.3050119982957209e-08
0.93000000000000005,-1.7660146781030248e-07,0.00020000000000000001,discharge,-6.8925417946152512e-08,-1.0767604986414996e-07
0.92500000000000004,-2.0244999310759072e-07,0.00020000000000000001,discharge,-7.9137727735194415e-08,-1.2331226537239631e-07
0.92000000000000004,-2.2999979651182842e-07,0.00020000000000000001,discharge,-9.005645210474753e-08,-1.3994334440708089e-07
0.91500000000000004,-2.5923515035685495e-07,0.00020000000000000001,discharge,-1.0168226405389843e-07,-1.5755288630295652e-07
0.91000000000000003,-2.9013961519510193e-07,0.00020000000000000001,discharge,-1.1401608610711564e-07,-1.7612352908798627e-07
0.90500000000000003,-3.226960924494268e-07,0.00020000000000000001,discharge,-1.2705912443693175e-07,-1.9563696801249502e-07
0.90000000000000002,-3.5688687501886518e-07,0.00020000000000000001,discharge,-1.4081289959977414e-07,-2.1607397541909107e-07
0.89500000000000002,-3.9269369534545732e-07,0.00020000000000000001,discharge,-1.5527927330268869e-07,-2.3741442204276863e-07
0.89000000000000001,-4.3009777046081396e-07,0.00020000000000000001,discharge,-1.7046047060592535e-07,-2.5963729985488861e-07
0.88500000000000001,-4.6907984355285462e-07,0.00020000000000000001,discharge,-1.8635909695869149e-07,-2.8272074659416316e-07
0.88,-5.0962022162639742e-07,0.00020000000000000001,discharge,-2.0297814946332463e-07,-3.0664207216307279e-07
0.875,-5.5169880887757787e-07,0.00020000000000000001,discharge,-2.2032102176727691e-07,-3.3137778711030101e-07
0.87,-5.9529513546271448e-07,0.00020000000000000001,discharge,-2.3839150199306688e-07,-3.5690363346964755e-07
0.86499999999999999,-6.4038838141890251e-07,0.00020000000000000001,discharge,-2.5719376313427355e-07,-3.8319461828462896e-07
0.85999999999999999,-6.8695739558760823e-07,0.00020000000000000001,discharge,-2.7673234537105115e-07,-4.1022505021655703e-07
0.85499999999999998,-7.3498070950540504e-07,0.00020000000000000001,discharge,-2.9701212979192443e-07,-4.3796857971348055e-07
0.84999999999999998,-7.8443654635912341e-07,0.00020000000000000001,discharge,-3.1803830305004243e-07,-4.6639824330908097e-07
0.84499999999999997,-8.3530282525721579e-07,0.00020000000000000001,discharge,-3.3981631253178507e-07,-4.9548651272543073e-07
0.83999999999999997,-8.8755716124632259e-07,0.00020000000000000001,discharge,-3.6235181167379614e-07,-5.252053495725265e-07
0.83499999999999996,-9.4117686170252045e-07,0.00020000000000000001,discharge,-3.8565059513109185e-07,-5.5552626657142866e-07
0.83000000000000007,-9.9613891995118001e-07,0.00020000000000000001,discharge,-4.0971852357383039e-07,-5.8642039637734956e-07
0.82500000000000007,-1.0524200072177299e-06,0.00020000000000000001,discharge,-4.3456143797334744e-07,-6.1785856924438245e-07
0.82000000000000006,-1.109996464283607e-06,0.00020000000000000001,discharge,-4.6018506332889345e-07,-6.4981140095471356e-07
0.81500000000000006,-1.168844294516171e-06,0.00020000000000000001,discharge,-4.8659490188467431e-07,-6.8224939263149666e-07
0.81000000000000005,-1.2289391602564881e-06,0.00020000000000000001,discharge,-5.1379611599168272e-07,-7.1514304426480538e-07
0.80500000000000005,-1.2902563848821242e-06,0.00020000000000000001,discharge,-5.4179340087978245e-07,-7.4846298400234161e-07
0.80000000000000004,-1.3527709632095801e-06,0.00020000000000000001,discharge,-5.7059084772167824e-07,-7.8218011548790186e-07
0.79500000000000004,-1.4164575832579316e-06,0.00020000000000000001,discharge,-6.0019179749083959e-07,-8.1626578576709209e-07
0.79000000000000004,-1.4812906627554847e-06,0.00020000000000000001,discharge,-6.3059868623909839e-07,-8.506919765163862e-07
0.78500000000000003,-1.5472444041270455e-06,0.00020000000000000001,discharge,-6.618128825452476e-07,-8.8543152158179783e-07
0.78000000000000003,-1.6142928720418463e-06,0.00020000000000000001,discharge,-6.938345180123545e-07,-9.2045835402949192e-07
0.77500000000000002,-1.682410097920139e-06,0.00020000000000000001,discharge,-7.2666231181717127e-07,-9.5574778610296779e-07
0.77000000000000002,-1.7515702160776876e-06,0.00020000000000000001,discharge,-7.6029339043858932e-07,-9.9127682563909826e-07
0.76500000000000001,-1.8217476364173889e-06,0.00020000000000000001,discharge,-7.9472310381196858e-07,-1.0270245326054203e-06
0.76000000000000001,-1.8929172587401434e-06,0.00020000000000000001,discharge,-8.2994483927081571e-07,-1.0629724194693277e-06
0.755,-1.9650547338251482e-06,0.00020000000000000001,discharge,-8.6594983474507747e-07,-1.0991048990800709e-06
0.75,-2.0381367764038933e-06,0.00020000000000000001,discharge,-9.027269927846003e-07,-1.1354097836192931e-06
0.745,-2.1121415350018576e-06,0.00020000000000000001,discharge,-9.4026269706548509e-07,-1.1718788379363724e-06
0.73999999999999999,-2.1870490233260933e-06,0.00020000000000000001,discharge,-9.785406331145694e-07,-1.2085083902115241e-06
0.73499999999999999,-2.2628416174136158e-06,0.00020000000000000001,discharge,-1.0175416150515111e-06,-1.2453000023621046e-06
0.72999999999999998,-2.3395046221032531e-06,0.00020000000000000001,discharge,-1.0572434201975012e-06,-1.282261201905752e-06
0.72499999999999998,-2.4170269095315919e-06,0.00020000000000000001,discharge,-1.0976206334331744e-06,-1.3194062760984173e-06
0.71999999999999997,-2.4954016312622198e-06,0.00020000000000000001,discharge,-1.1386445032044542e-06,-1.3567571280577653e-06
0.71499999999999997,-2.5746270043203004e-06,0.00020000000000000001,discharge,-1.180282811072964e-06,-1.3943441932473362e-06
0.70999999999999996,-2.6547071698077766e-06,0.00020000000000000001,discharge,-1.2224997566861385e-06,-1.4322074131216379e-06
0.70499999999999996,-2.7356531209097842e-06,0.00020000000000000001,discharge,-1.2652558600007214e-06,-1.4703972609090628e-06
0.70000000000000007,-2.8174836949668797e-06,0.00020000000000000001,discharge,-1.3085078825312502e-06,-1.5089758124356293e-06
0.69500000000000006,-2.9002266218846299e-06,0.00020000000000000001,discharge,-1.3522087693122704e-06,-1.5480178525723592e-06
0.69000000000000006,-2.9839196184938356e-06,0.00020000000000000001,discharge,-1.3963076131591726e-06,-1.587612005334663e-06
0.68500000000000005,-3.0686115155828384e-06,0.00020000000000000001,discharge,-1.4407496426880378e-06,-1.6278618728948006e-06
0.68000000000000005,-3.1543634012296132e-06,0.00020000000000000001,discharge,-1.4854762354100312e-06,-1.6688871658195818e-06
0.67500000000000004,-3.2412497608090889e-06,0.00020000000000000001,discharge,-1.5304249570515212e-06,-1.7108248037575677e-06
0.67000000000000004,-3.3293595906954403e-06,0.00020000000000000001,discharge,-1.5755296280681363e-06,-1.753829962627304e-06
0.66500000000000004,-3.4187974592878646e-06,0.00020000000000000001,discharge,-1.6207204181206897e-06,-1.7980770411671751e-06
0.66000000000000003,-3.5096844856418782e-06,0.00020000000000000001,discharge,-1.6659239690647563e-06,-1.8437605165771218e-06
0.65500000000000003,-3.6021592027792864e-06,0.00020000000000000001,discharge,-1.7110635467755251e-06,-1.8910956560037616e-06
0.65000000000000002,-3.6963782697829013e-06,0.00020000000000000001,discharge,-1.756059221887248e-06,-1.9403190478956531e-06
0.64500000000000002,-3.7925169941714896e-06,0.00020000000000000001,discharge,-1.800828079274483e-06,-1.9916889148970068e-06
0.64000000000000001,-3.8907696239194167e-06,0.00020000000000000001,discharge,-1.8452844558427044e-06,-2.0454851680767125e-06
0.63500000000000001,-3.9913493669632323e-06,0.00020000000000000001,discharge,-1.8893402059313721e-06,-2.1020091610318603e-06
0.63,-4.0944880952563427e-06,0.00020000000000000001,discharge,-1.932904993365911e-06,-2.1615831018904317e-06
0.625,-4.200435690524787e-06,0.00020000000000000001,discharge,-1.9758866089290966e-06,-2.2245490815956904e-06
0.62,-4.3094589899692693e-06,0.00020000000000000001,discharge,-2.0181913117600002e-06,-2.2912676782092691e-06
0.61499999999999999,-4.4218402923692087e-06,0.00020000000000000001,discharge,-2.0597241929328692e-06,-2.3621160994363391e-06
0.60999999999999999,-4.5378753884778302e-06,0.00020000000000000001,discharge,-2.1003895592221299e-06,-2.4374858292556999e-06
0.60499999999999998,-4.6578710843380098e-06,0.00020000000000000001,discharge,-2.1400913348259924e-06,-2.5177797495120174e-06
0.59999999999999998,-4.7821421922570195e-06,0.00020000000000000001,discharge,-2.178733478602786e-06,-2.6034087136542335e-06
0.59499999999999997,-4.9110079716850645e-06,0.00020000000000000001,discharge,-2.2162204141740172e-06,-2.6947875575110473e-06
0.58999999999999997,-5.044788011143142e-06,0.00020000000000000001,discharge,-2.2524574700687106e-06,-2.7923305410744314e-06
0.58499999999999996,-5.1837975525967151e-06,0.00020000000000000001,discharge,-2.2873513269274199e-06,-2.8964462256692951e-06
0.57999999999999996,-5.328342271186288e-06,0.00020000000000000001,discharge,-2.3208104686535187e-06,-3.0075318025327693e-06
0.57500000000000007,-5.4787125358715833e-06,0.00020000000000000001,discharge,-2.3527456342960309e-06,-3.1259669015755524e-06
0.57000000000000006,-5.6351771901421206e-06,0.00020000000000000001,discharge,-2.3830702673739302e-06,-3.2521069227681908e-06
0.56500000000000006,-5.7979769062654018e-06,0.00020000000000000001,discharge,-2.4117009593080082e-06,-3.3862759469573936e-06
0.56000000000000005,-5.9673171813091763e-06,0.00020000000000000001,discharge,-2.4385578836140007e-06,-3.5287592976951757e-06
0.55500000000000005,-6.1433610580669667e-06,0.00020000000000000001,discharge,-2.4635652175304374e-06,-3.6797958405365294e-06
0.55000000000000004,-6.3262216686775441e-06,0.00020000000000000001,discharge,-2.4866515478068679e-06,-3.8395701208706758e-06
0.54500000000000004,-6.5159547127674068e-06,0.00020000000000000001,discharge,-2.5077502574627496e-06,-4.0082044553046572e-06
0.54000000000000004,-6.7125509949438808e-06,0.00020000000000000001,discharge,-2.5267998904437774e-06,-4.1857511045001038e-06
0.53500000000000003,-6.915929157993866e-06,0.00020000000000000001,discharge,-2.543744491250095e-06,-4.3721846667437706e-06
0.53000000000000003,-7.125928757764115e-06,0.00020000000000000001,discharge,-2.5585339167882662e-06,-4.5673948409758485e-06
0.52500000000000002,-7.3423038329879669e-06,0.00020000000000000001,discharge,-2.5711241179047531e-06,-4.7711797150832137e-06
0.52000000000000002,-7.5647171278771134e-06,0.00020000000000000001,discharge,-2.5814773882907207e-06,-4.9832397395863927e-06
0.51500000000000001,-7.7927351267501049e-06,0.00020000000000000001,discharge,-2.5895625787043203e-06,-5.203172548045785e-06
0.51000000000000001,-8.0258240580069941e-06,0.00020000000000000001,discharge,-2.5953552747343644e-06,-5.4304687832726293e-06
0.505,-8.2633470191334286e-06,0.00020000000000000001,discharge,-2.5988379366258569e-06,-5.6645090825075712e-06
0.5,-8.5045623649571736e-06,0.00020000000000000001,discharge,-2.6000000000000005e-06,-5.9045623649571731e-06
0.495,-8.7486234880056921e-06,0.00020000000000000001,discharge,-2.5988379366258569e-06,-6.1497855513798347e-06
0.48999999999999999,-8.994580102545426e-06,0.00020000000000000001,discharge,-2.5953552747343644e-06,-6.399224827811062e-06
0.48499999999999999,-9.2413811228492277e-06,0.00020000000000000001,discharge,-2.5895625787043203e-06,-6.6518185441449069e-06
0.47999999999999998,-9.4878792016777014e-06,0.00020000000000000001,discharge,-2.5814773882907207e-06,-6.9064018133869799e-06
0.47500000000000003,-9.7328369672254431e-06,0.00020000000000000001,discharge,-2.5711241179047531e-06,-7.16171284932069e-06
0.47000000000000003,-9.9749349663373868e-06,0.00020000000000000001,discharge,-2.5585339167882666e-06,-7.4164010495491193e-06
0.46500000000000002,-1.0212781289211127e-05,0.00020000000000000001,discharge,-2.543744491250095e-06,-7.6690367979610327e-06
0.46000000000000002,-1.0444922816730539e-05,0.00020000000000000001,discharge,-2.5267998904437787e-06,-7.9181229262867605e-06
0.45500000000000002,-1.0669857996766888e-05,0.00020000000000000001,discharge,-2.5077502574627496e-06,-8.1621077393041394e-06
0.45000000000000001,-1.0886051021043509e-05,0.00020000000000000001,discharge,-2.4866515478068687e-06,-8.3993994732366404e-06
0.44500000000000001,-1.1091947240339358e-05,0.00020000000000000001,discharge,-2.4635652175304382e-06,-8.6283820228089195e-06
0.44,-1.1285989623778381e-05,0.00020000000000000001,discharge,-2.4385578836140011e-06,-8.84743174016438e-06
0.435,-1.1466636038583799e-05,0.00020000000000000001,discharge,-2.4117009593080082e-06,-9.0549350792757899e-06
0.42999999999999999,-1.1632377100809905e-05,0.00020000000000000001,discharge,-2.3830702673739302e-06,-9.2493068334359757e-06
0.42499999999999999,-1.1781754325983805e-05,0.00020000000000000001,discharge,-2.3527456342960309e-06,-9.4290086916877731e-06
0.41999999999999998,-1.1913378291999967e-05,0.00020000000000000001,discharge,-2.3208104686535183e-06,-9.5925678233464485e-06
0.41500000000000004,-1.2025946515612467e-05,0.00020000000000000001,discharge,-2.2873513269274191e-06,-9.7385951886850491e-06
0.41000000000000003,-1.2118260738936455e-05,0.00020000000000000001,discharge,-2.2524574700687106e-06,-9.8658032688677438e-06
0.40500000000000003,-1.2189243323831547e-05,0.00020000000000000001,discharge,-2.2162204141740168e-06,-9.9730229096575314e-06
0.40000000000000002,-1.2237952460064726e-05,0.00020000000000000001,discharge,-2.1787334786027856e-06,-1.0059218981461941e-05
0.39500000000000002,-1.2263595907738782e-05,0.00020000000000000001,discharge,-2.1400913348259916e-06,-1.012350457291279e-05
0.39000000000000001,-1.2265543015450422e-05,0.00020000000000000001,discharge,-2.1003895592221299e-06,-1.0165153456228292e-05
0.38500000000000001,-1.2243334782660022e-05,0.00020000000000000001,discharge,-2.0597241929328692e-06,-1.0183610589727153e-05
0.38,-1.2196691767295844e-05,0.00020000000000000001,discharge,-2.0181913117600002e-06,-1.0178500455535843e-05
0.375,-1.2125519677004356e-05,0.00020000000000000001,discharge,-1.9758866089290966e-06,-1.0149633068075259e-05
0.37,-1.2029912523879589e-05,0.00020000000000000001,discharge,-1.9329049933659101e-06,-1.009700753051368e-05
0.36499999999999999,-1.1910153267023723e-05,0.00020000000000000001,discharge,-1.8893402059313715e-06,-1.0020813061092351e-05
0.35999999999999999,-1.1766711913878332e-05,0.00020000000000000001,discharge,-1.8452844558427048e-06,-9.9214274580356261e-06
0.35499999999999998,-1.1600241098827254e-05,0.00020000000000000001,discharge,-1.8008280792744828e-06,-9.7994130195527716e-06
0.35000000000000003,-1.1411569204977655e-05,0.00020000000000000001,discharge,-1.7560592218872477e-06,-9.6555099830904068e-06
0.34500000000000003,-1.1201691141144404e-05,0.00020000000000000001,discharge,-1.7110635467755255e-06,-9.4906275943688779e-06
0.34000000000000002,-1.0971756929793592e-05,0.00020000000000000001,discharge,-1.6659239690647574e-06,-9.3058329607288355e-06
0.33500000000000002,-1.0723058302004175e-05,0.00020000000000000001,discharge,-1.6207204181206901e-06,-9.1023378838834854e-06
0.33000000000000002,-1.0457013531436456e-05,0.00020000000000000001,discharge,-1.5755296280681367e-06,-8.8814839033683189e-06
0.32500000000000001,-1.0175150770024039e-05,0.00020000000000000001,discharge,-1.5304249570515212e-06,-8.644725812972518e-06
0.32000000000000001,-9.8790901729470848e-06,0.00020000000000000001,discharge,-1.4854762354100318e-06,-8.3936139375370532e-06
0.315,-9.5705251188740041e-06,0.00020000000000000001,discharge,-1.4407496426880382e-06,-8.1297754761859661e-06
0.31,-9.2512028431264492e-06,0.00020000000000000001,discharge,-1.3963076131591728e-06,-7.8548952299672764e-06
0.30499999999999999,-8.9229048061595704e-06,0.00020000000000000001,discharge,-1.3522087693122704e-06,-7.5706960368473004e-06
0.29999999999999999,-8.5874271175727342e-06,0.00020000000000000001,discharge,-1.3085078825312506e-06,-7.2789192350414837e-06
0.29499999999999998,-8.2465613269705977e-06,0.00020000000000000001,discharge,-1.2652558600007204e-06,-6.981305466969877e-06
0.28999999999999998,-7.902075877749247e-06,0.00020000000000000001,discharge,-1.2224997566861377e-06,-6.6795761210631087e-06
0.28500000000000003,-7.5556984988105536e-06,0.00020000000000000001,discharge,-1.1802828110729632e-06,-6.3754156877375902e-06
0.28000000000000003,-7.2090997829733031e-06,0.00020000000000000001,discharge,-1.1386445032044542e-06,-6.0704552797688491e-06
0.27500000000000002,-6.8638781702292061e-06,0.00020000000000000001,discharge,-1.0976206334331744e-06,-5.7662575367960317e-06
0.27000000000000002,-6.5215465198536356e-06,0.00020000000000000001,discharge,-1.057243420197501e-06,-5.4643030996561344e-06
0.26500000000000001,-6.183520418654529e-06,0.00020000000000000001,discharge,-1.0175416150515105e-06,-5.1659788036030185e-06
0.26000000000000001,-5.8511083342913087e-06,0.00020000000000000001,discharge,-9.7854063311456983e-07,-4.8725677011767387e-06
0.255,-5.5255036835875747e-06,0.00020000000000000001,discharge,-9.4026269706548509e-07,-4.5852409865220899e-06
0.25,-5.2077788470415948e-06,0.00020000000000000001,discharge,-9.0272699278459998e-07,-4.3050518542569946e-06
0.245,-4.8988811232040664e-06,0.00020000000000000001,discharge,-8.6594983474507737e-07,-4.0329312884589893e-06
0.23999999999999999,-4.5996305810678065e-06,0.00020000000000000001,discharge,-8.2994483927081518e-07,-3.769685741796991e-06
0.23500000000000001,-4.310719735831363e-06,0.00020000000000000001,discharge,-7.9472310381196858e-07,-3.515996632019394e-06
0.23000000000000001,-4.032714943982283e-06,0.00020000000000000001,discharge,-7.6029339043858932e-07,-3.2724215535436934e-06
0.22500000000000001,-3.7660593880995648e-06,0.00020000000000000001,discharge,-7.2666231181717105e-07,-3.0393970762823936e-06
0.22,-3.5110775004742032e-06,0.00020000000000000001,discharge,-6.9383451801235407e-07,-2.8172429824618491e-06
0.215,-3.2679806578355255e-06,0.00020000000000000001,discharge,-6.618128825452476e-07,-2.606167775290278e-06
0.20999999999999999,-3.0368739672620913e-06,0.00020000000000000001,discharge,-6.3059868623909839e-07,-2.4062752810229929e-06
0.20500000000000002,-2.8177639557363555e-06,0.00020000000000000001,discharge,-6.0019179749083959e-07,-2.2175721582455161e-06
0.20000000000000001,-2.6105669726410173e-06,0.00020000000000000001,discharge,-5.7059084772167803e-07,-2.0399761249193392e-06
0.19500000000000001,-2.4151181155550181e-06,0.00020000000000000001,discharge,-5.4179340087978298e-07,-1.8733247146752352e-06
0.19,-2.2311804946589032e-06,0.00020000000000000001,discharge,-5.1379611599168293e-07,-1.7173843786672201e-06
0.185,-2.0584546594966161e-06,0.00020000000000000001,discharge,-4.8659490188467441e-07,-1.5718597576119415e-06
0.17999999999999999,-1.896588023298148e-06,0.00020000000000000001,discharge,-4.6018506332889345e-07,-1.4364029599692547e-06
0.17500000000000002,-1.7451841340371562e-06,0.00020000000000000001,discharge,-4.3456143797334734e-07,-1.3106226960638088e-06
0.17000000000000001,-1.6038116573476541e-06,0.00020000000000000001,discharge,-4.0971852357383082e-07,-1.1940931337738234e-06
0.16500000000000001,-1.4720129538148026e-06,0.00020000000000000001,discharge,-3.8565059513109164e-07,-1.0863623586837109e-06
0.16,-1.3493121514554819e-06,0.00020000000000000001,discharge,-3.6235181167379572e-07,-9.8696033978168611e-07
0.155,-1.2352226329061317e-06,0.00020000000000000001,discharge,-3.3981631253178507e-07,-8.9540632037434652e-07
0.14999999999999999,-1.1292538754648767e-06,0.00020000000000000001,discharge,-3.1803830305004228e-07,-8.112155724148344e-07
0.14499999999999999,-1.0309176002636149e-06,0.00020000000000000001,discharge,-2.9701212979192411e-07,-7.3390547047169075e-07
0.14000000000000001,-9.3973320409828466e-07,0.00020000000000000001,discharge,-2.7673234537105094e-07,-6.6300085872723378e-07
0.13500000000000001,-8.5523246350520264e-07,0.00020000000000000001,discharge,-2.5719376313427366e-07,-5.9803870037092899e-07
0.13,-7.7696351528343039e-07,0.00020000000000000001,discharge,-2.3839150199306688e-07,-5.3857201329036346e-07
0.125,-7.0449413063571366e-07,0.00020000000000000001,discharge,-2.2032102176727678e-07,-4.8417310886843686e-07
0.12,-6.3741431130396578e-07,0.00020000000000000001,discharge,-2.0297814946332437e-07,-4.3443616184064136e-07
0.115,-5.7533824543893274e-07,0.00020000000000000001,discharge,-1.8635909695869122e-07,-3.8897914848024154e-07
0.11,-5.1790566845211333e-07,0.00020000000000000001,discharge,-1.7046047060592541e-07,-3.4744519784618798e-07
0.105,-4.647826797852269e-07,0.00020000000000000001,discharge,-1.5527927330268861e-07,-3.0950340648253829e-07
0.10000000000000001,-4.1566207047554711e-07,0.00020000000000000001,discharge,-1.4081289959977403e-07,-2.7484917087577305e-07
0.095000000000000001,-3.7026321870750424e-07,0.00020000000000000001,discharge,-1.2705912443693157e-07,-2.4320409427057264e-07
0.089999999999999997,-3.28331611363951e-07,0.00020000000000000001,discharge,-1.1401608610711576e-07,-2.1431552525683521e-07
0.085000000000000006,-2.896380490877667e-07,0.00020000000000000001,discharge,-1.0168226405389851e-07,-1.8795578503386822e-07
0.080000000000000002,-2.5397759071359444e-07,0.00020000000000000001,discharge,-9.0056452104747503e-08,-1.6392113860884694e-07
0.074999999999999997,-2.2116829031556337e-07,0.00020000000000000001,discharge,-7.9137727735194309e-08,-1.4203056258036906e-07
0.070000000000000007,-1.9104977672633725e-07,0.00020000000000000001,discharge,-6.8925417946152671e-08,-1.2212435878018459e-07
0.065000000000000002,-1.6348172139817664e-07,0.00020000000000000001,discharge,-5.9419062319361217e-08,-1.0406265907881543e-07
0.059999999999999998,-1.3834223607170919e-07,0.00020000000000000001,discharge,-5.0618373794686258e-08,-8.7723862277022934e-08
0.055,-1.1552623705413115e-07,0.00020000000000000001,discharge,-4.2523197688393552e-08,-7.3003039365737595e-08
0.050000000000000003,-9.4943808131704489e-08,0.00020000000000000001,discharge,-3.5133469444044789e-08,-5.9810338687659701e-08
0.044999999999999998,-7.6518589380395763e-08,0.00020000000000000001,discharge,-2.8449171577935229e-08,-4.8069417802460541e-08
0.040000000000000001,-6.0186214503485571e-08,0.00020000000000000001,discharge,-2.2470290249483038e-08,-3.7715924254002537e-08
0.035000000000000003,-4.589281490705478e-08,0.00020000000000000001,discharge,-1.7196771854207808e-08,-2.8696043052846973e-08
0.029999999999999999,-3.3593604595583219e-08,0.00020000000000000001,discharge,-1.2628480003357463e-08,-2.0965124592225752e-08
0.025000000000000001,-2.325155618442987e-08,0.00020000000000000001,discharge,-8.7651532202932107e-09,-1.4486402964136661e-08
0.02,-1.4836174920590766e-08,0.00020000000000000001,discharge,-5.6063636498178201e-09,-9.2298112707729462e-09
0.014999999999999999,-8.322374599200201e-09,0.00020000000000000001,discharge,-3.1514770430930897e-09,-5.1708975561071109e-09
0.01,-3.6894566683090779e-09,0.00020000000000000001,discharge,-1.399614247957671e-09,-2.2898424203514066e-09
0.0050000000000000001,-9.2019162423204873e-10,0.00020000000000000001,discharge,-3.4961440260948667e-10,-5.7057722162256206e-10
0,-0,0.00020000000000000001,discharge,-0,-0
1,-0,0.00040000000000000002,discharge,-0,-0
0.995,-1.4887322522760249e-09,0.00040000000000000002,discharge,-6.9922880521897665e-10,-7.8950344705704821e-10
0.98999999999999999,-5.9564631821535776e-09,0.00040000000000000002,discharge,-2.7992284959153313e-09,-3.1572346862382463e-09
0.98499999999999999,-1.3403811233233779e-08,0.00040000000000000002,discharge,-6.3029540861862596e-09,-7.1008571470475187e-09
0.97999999999999998,-2.3829206401400464e-08,0.00040000000000000002,discharge,-1.1212727299635715e-08,-1.2616479101764751e-08
0.97499999999999998,-3.7228963974817019e-08,0.00040000000000000002,discharge,-1.7530306440586478e-08,-1.9698657534230542e-08
0.96999999999999997,-5.3597363558227892e-08,0.00040000000000000002,discharge,-2.5256960006714949e-08,-2.8340403551512943e-08
0.96499999999999997,-7.2926733046036095e-08,0.00040000000000000002,discharge,-3.439354370841584e-08,-3.8533189337620254e-08
0.95999999999999996,-9.5207537147384463e-08,0.00040000000000000002,discharge,-4.4940580498966281e-08,-5.0266956648418182e-08
0.95500000000000007,-1.2042847000324579e-07,0.00040000000000000002,discharge,-5.6898343155870253e-08,-6.353012684737554e-08
0.95000000000000007,-1.4857655137088852e-07,0.00040000000000000002,discharge,-7.026693888808967e-08,-7.830961248279884e-08
0.94500000000000006,-1.7963722578577921e-07,0.00040000000000000002,discharge,-8.5046395376787144e-08,-9.4590830408992077e-08
0.94000000000000006,-2.1359446404586444e-07,0.00040000000000000002,discharge,-1.0123674758937252e-07,-1.1235771645649191e-07
0.93500000000000005,-2.5043086629906411e-07,0.00040000000000000002,discharge,-1.1883812463872226e-07,-1.3159274166034185e-07
0.93000000000000005,-2.9012776595294755e-07,0.00040000000000000002,discharge,-1.3785083589230502e-07,-1.5227693006064255e-07
0.92500000000000004,-3.3266533356698187e-07,0.00040000000000000002,discharge,-1.5827545547038883e-07,-1.7438987809659304e-07
0.92000000000000004,-3.7802267983383789e-07,0.00040000000000000002,discharge,-1.8011290420949506e-07,-1.9790977562434281e-07
0.91500000000000004,-4.261779567084642e-07,0.00040000000000000002,discharge,-2.0336452810779686e-07,-2.2281342860066737e-07
0.91000000000000003,-4.771084557034738e-07,0.00040000000000000002,discharge,-2.2803217221423128e-07,-2.4907628348924249e-07
0.90500000000000003,-5.3079070233868529e-07,0.00040000000000000002,discharge,-2.5411824887386351e-07,-2.7667245346482183e-07
0.90000000000000002,-5.8720054571309759e-07,0.00040000000000000002,discharge,-2.8162579919954828e-07,-3.0557474651354937e-07
0.89500000000000002,-6.4631324216123063e-07,0.00040000000000000002,discharge,-3.1055854660537737e-07,-3.3575469555585331e-07
0.89000000000000001,-7.0810353196456421e-07,0.00040000000000000002,discharge,-3.4092094121185071e-07,-3.6718259075271351e-07
0.88500000000000001,-7.7254570811509549e-07,0.00040000000000000002,discharge,-3.7271819391738298e-07,-3.9982751419771251e-07
0.88,-8.3961367617385609e-07,0.00040000000000000002,discharge,-4.0595629892664926e-07,-4.3365737724720682e-07
0.875,-9.0928100433512566e-07,0.00040000000000000002,discharge,-4.4064204353455382e-07,-4.686389608005719e-07
0.87,-9.8152096289914544e-07,0.00040000000000000002,discharge,-4.7678300398613376e-07,-5.0473795891301169e-07
0.86499999999999999,-1.0563065524750506e-06,0.00040000000000000002,discharge,-5.143875262685471e-07,-5.4191902620650349e-07
0.85999999999999999,-1.1336105203835413e-06,0.00040000000000000002,discharge,-5.5346469074210229e-07,-5.8014582964143886e-07
0.85499999999999998,-1.2134053649079351e-06,0.00040000000000000002,discharge,-5.9402425958384886e-07,-6.1938110532408615e-07
0.84999999999999998,-1.2956633272547737e-06,0.00040000000000000002,discharge,-6.3607660610008487e-07,-6.5958672115468898e-07
0.84499999999999997,-1.3803563713328234e-06,0.00040000000000000002,discharge,-6.7963262506357014e-07,-7.0072374626925322e-07
0.83999999999999997,-1.4674561517439617e-06,0.00040000000000000002,discharge,-7.2470362334759229e-07,-7.4275252839636945e-07
0.83499999999999996,-1.5569339707019896e-06,0.00040000000000000002,discharge,-7.713011902621837e-07,-7.8563278043980582e-07
0.83000000000000007,-1.6487607249567149e-06,0.00040000000000000002,discharge,-8.1943704714766078e-07,-8.2932367780905396e-07
0.82500000000000007,-1.7429068442005367e-06,0.00040000000000000002,discharge,-8.6912287594669489e-07,-8.7378396825384177e-07
0.82000000000000006,-1.839342222872604e-06,0.00040000000000000002,discharge,-9.203701266577869e-07,-9.1897209621481709e-07
0.81500000000000006,-1.9380361477496181e-06,0.00040000000000000002,discharge,-9.7318980376934861e-07,-9.6484634398026925e-07
0.81000000000000005,-2.0389572242194359e-06,0.00040000000000000002,discharge,-1.0275922319833654e-06,-1.0113649922360704e-06
0.80500000000000005,-2.1420733046699132e-06,0.00040000000000000002,discharge,-1.0835868017595649e-06,-1.0584865029103485e-06
0.80000000000000004,-2.2473514229849012e-06,0.00040000000000000002,discharge,-1.1411816954433565e-06,-1.1061697275415447e-06
0.79500000000000004,-2.3547577397146324e-06,0.00040000000000000002,discharge,-1.2003835949816792e-06,-1.154374144732953e-06
0.79000000000000004,-2.4642575030696447e-06,0.00040000000000000002,discharge,-1.2611973724781968e-06,-1.2030601305914479e-06
0.78500000000000003,-2.5758150314641198e-06,0.00040000000000000002,discharge,-1.3236257650904952e-06,-1.2521892663736244e-06
0.78000000000000003,-2.6893937238928323e-06,0.00040000000000000002,discharge,-1.387669036024709e-06,-1.3017246878681233e-06
0.77500000000000002,-2.8049561049492193e-06,0.00040000000000000002,discharge,-1.4533246236343425e-06,-1.3516314813148769e-06
0.77000000000000002,-2.9224639117621412e-06,0.00040000000000000002,discharge,-1.5205867808771786e-06,-1.4018771308849624e-06
0.76500000000000001,-3.0418782305244113e-06,0.00040000000000000002,discharge,-1.5894462076239372e-06,-1.4524320229004743e-06
0.76000000000000001,-3.1631596905836969e-06,0.00040000000000000002,discharge,-1.6598896785416314e-06,-1.5032700120420657e-06
0.755,-3.2862687242399033e-06,0.00040000000000000002,discharge,-1.7318996694901549e-06,-1.5543690547497483e-06
0.75,-3.4111659004147061e-06,0.00040000000000000002,discharge,-1.8054539855692006e-06,-1.6057119148455055e-06
0.745,-3.5378123401986103e-06,0.00040000000000000002,discharge,-1.8805253941309702e-06,-1.6572869460676401e-06
0.73999999999999999,-3.6661702219079528e-06,0.00040000000000000002,discharge,-1.9570812662291388e-06,-1.709088955678814e-06
0.73499999999999999,-3.796203382666758e-06,0.00040000000000000002,discharge,-2.0350832301030222e-06,-1.7611201525637358e-06
0.72999999999999998,-3.9278780226349421e-06,0.00040000000000000002,discharge,-2.1144868403950023e-06,-1.8133911822399399e-06
0.72499999999999998,-4.0611635168049112e-06,0.00040000000000000002,discharge,-2.1952412668663488e-06,-1.8659222499385622e-06
0.71999999999999997,-4.1960333377545703e-06,0.00040000000000000002,discharge,-2.2772890064089085e-06,-1.9187443313456618e-06
0.71499999999999997,-4.3324660908524828e-06,0.00040000000000000002,discharge,-2.360565622145928e-06,-1.9719004687065548e-06
0.70999999999999996,-4.4704466611401841e-06,0.00040000000000000002,discharge,-2.444999513372277e-06,-2.0254471477679067e-06
0.70499999999999996,-4.6099674684552896e-06,0.00040000000000000002,discharge,-2.5305117200014428e-06,-2.0794557484538468e-06
0.70000000000000007,-4.7510298243019271e-06,0.00040000000000000002,discharge,-2.6170157650625005e-06,-2.1340140592394267e-06
0.69500000000000006,-4.8936453805280453e-06,0.00040000000000000002,discharge,-2.7044175386245409e-06,-2.1892278419035049e-06
0.69000000000000006,-5.0378376560489717e-06,0.00040000000000000002,discharge,-2.7926152263183452e-06,-2.245222429730627e-06
0.68500000000000005,-5.18364362369397e-06,0.00040000000000000002,discharge,-2.8814992853760755e-06,-2.3021443383178945e-06
0.68000000000000005,-5.3311153347925116e-06,0.00040000000000000002,discharge,-2.9709524708200623e-06,-2.3601628639724488e-06
0.67500000000000004,-5.4803215544212836e-06,0.00040000000000000002,discharge,-3.0608499141030424e-06,-2.4194716403182412e-06
0.67000000000000004,-5.6313493753801042e-06,0.00040000000000000002,discharge,-3.1510592561362726e-06,-2.4802901192438316e-06
0.66500000000000004,-5.7843057740516841e-06,0.00040000000000000002,discharge,-3.2414408362413793e-06,-2.5428649378103052e-06
0.66000000000000003,-5.9393190664409022e-06,0.00040000000000000002,discharge,-3.3318479381295127e-06,-2.6074711283113895e-06
0.65500000000000003,-6.0965402180164146e-06,0.00040000000000000002,discharge,-3.4221270935510501e-06,-2.6744131244653645e-06
0.65000000000000002,-6.2561439566393793e-06,0.00040000000000000002,discharge,-3.5121184437744959e-06,-2.7440255128648834e-06
0.64500000000000002,-6.4183296340244663e-06,0.00040000000000000002,discharge,-3.601656158548966e-06,-2.8166734754755003e-06
0.64000000000000001,-6.5833217780125057e-06,0.00040000000000000002,discharge,-3.6905689116854088e-06,-2.8927528663270966e-06
0.63500000000000001,-6.751370275626492e-06,0.00040000000000000002,discharge,-3.7786804118627443e-06,-2.9726898637637481e-06
0.63,-6.9227501256217741e-06,0.00040000000000000002,discharge,-3.865809986731822e-06,-3.0569401388899521e-06
0.625,-7.0977606992154309e-06,0.00040000000000000002,discharge,-3.9517732178581932e-06,-3.1459874813572381e-06
0.62,-7.2767244490706614e-06,0.00040000000000000002,discharge,-4.0363826235200005e-06,-3.2403418255506609e-06
0.61499999999999999,-7.4599850095884438e-06,0.00040000000000000002,discharge,-4.1194483858657384e-06,-3.3405366237227055e-06
0.60999999999999999,-7.6479046362699007e-06,0.00040000000000000002,discharge,-4.2007791184442598e-06,-3.4471255178256408e-06
0.60499999999999998,-7.8408609384802136e-06,0.00040000000000000002,discharge,-4.2801826696519848e-06,-3.5606782688282292e-06
0.59999999999999998,-8.0392428684556818e-06,0.00040000000000000002,discharge,-4.357466957205572e-06,-3.6817759112501106e-06
0.59499999999999997,-8.243445939894424e-06,0.00040000000000000002,discharge,-4.4324408283480344e-06,-3.8110051115463901e-06
0.58999999999999997,-8.4538666619534844e-06,0.00040000000000000002,discharge,-4.5049149401374212e-06,-3.9489517218160632e-06
0.58499999999999996,-8.6708961888807182e-06,0.00040000000000000002,discharge,-4.5747026538548398e-06,-4.0961935350258792e-06
0.57999999999999996,-8.894913201717282e-06,0.00040000000000000002,discharge,-4.6416209373070374e-06,-4.2532922644102438e-06
0.57500000000000007,-9.1262760563296107e-06,0.00040000000000000002,discharge,-4.7054912685920618e-06,-4.4207847877375481e-06
0.57000000000000006,-9.3653142512140665e-06,0.00040000000000000002,discharge,-4.7661405347478605e-06,-4.5991737164662068e-06
0.56500000000000006,-9.6123192887409564e-06,0.00040000000000000002,discharge,-4.8234019186160164e-06,-4.7889173701249409e-06
0.56000000000000005,-9.8675350243786762e-06,0.00040000000000000002,discharge,-4.8771157672280013e-06,-4.9904192571506749e-06
0.55500000000000005,-1.0131147619511738e-05,0.00040000000000000002,discharge,-4.9271304350608748e-06,-5.2040171844508631e-06
0.55000000000000004,-1.040327523423155e-05,0.00040000000000000002,discharge,-4.9733030956137357e-06,-5.429972138617814e-06
0.54500000000000004,-1.068395761638161e-05,0.00040000000000000002,discharge,-5.0155005149254992e-06,-5.6684571014561105e-06
0.54000000000000004,-1.0973145761589764e-05,0.00040000000000000002,discharge,-5.0535997808875548e-06,-5.9195459807022083e-06
0.53500000000000003,-1.1270691835408922e-05,0.00040000000000000002,discharge,-5.0874889825001899e-06,-6.1832028529087318e-06
0.53000000000000003,-1.1576339562397483e-05,0.00040000000000000002,discharge,-5.1170678335765323e-06,-6.4592717288209503e-06
0.52500000000000002,-1.1889715297399587e-05,0.00040000000000000002,discharge,-5.1422482358095062e-06,-6.7474670615900805e-06
0.52000000000000002,-1.2210320000861089e-05,0.00040000000000000002,discharge,-5.1629547765814413e-06,-7.0473652242796468e-06
0.51500000000000001,-1.2537522342222365e-05,0.00040000000000000002,discharge,-5.1791251574086407e-06,-7.3583971848137239e-06
0.51000000000000001,-1.2870553152816602e-05,0.00040000000000000002,discharge,-5.1907105494687287e-06,-7.6798426033478724e-06
0.505,-1.3208501441919498e-05,0.00040000000000000002,discharge,-5.1976758732517139e-06,-8.0108255686677847e-06
0.5,-1.3550312176400192e-05,0.00040000000000000002,discharge,-5.200000000000001e-06,-8.3503121764001913e-06
0.495,-1.3894786005699179e-05,0.00040000000000000002,discharge,-5.1976758732517139e-06,-8.6971101324474647e-06
0.48999999999999999,-1.4240581089633767e-05,0.00040000000000000002,discharge,-5.1907105494687287e-06,-9.0498705401650374e-06
0.48499999999999999,-1.4586217156983224e-05,0.00040000000000000002,discharge,-5.1791251574086407e-06,-9.4070919995745827e-06
0.47999999999999998,-1.4930081888271445e-05,0.00040000000000000002,discharge,-5.1629547765814413e-06,-9.7671271116900039e-06
0.47500000000000003,-1.5270439677140488e-05,0.00040000000000000002,discharge,-5.1422482358095062e-06,-1.0128191441330982e-05
0.47000000000000003,-1.5605442781846955e-05,0.00040000000000000002,discharge,-5.1170678335765332e-06,-1.0488374948270422e-05
0.46500000000000002,-1.5933144832515015e-05,0.00040000000000000002,discharge,-5.0874889825001899e-06,-1.0845655850014826e-05
0.46000000000000002,-1.6251516611779632e-05,0.00040000000000000002,discharge,-5.0535997808875574e-06,-1.1197916830892076e-05
0.45500000000000002,-1.6558463977399815e-05,0.00040000000000000002,discharge,-5.0155005149254992e-06,-1.1542963462474317e-05
0.45000000000000001,-1.6851847746454424e-05,0.00040000000000000002,discharge,-4.9733030956137374e-06,-1.1878544650840686e-05
0.44500000000000001,-1.712950531305345e-05,0.00040000000000000002,discharge,-4.9271304350608765e-06,-1.2202374877992575e-05
0.44,-1.7389273726338663e-05,0.00040000000000000002,discharge,-4.8771157672280022e-06,-1.2512157959110661e-05
0.435,-1.7629013914135737e-05,0.00040000000000000002,discharge,-4.8234019186160164e-06,-1.2805611995519719e-05
0.42999999999999999,-1.7846635701143162e-05,0.00040000000000000002,discharge,-4.7661405347478605e-06,-1.3080495166395302e-05
0.42499999999999999,-1.8040123240110703e-05,0.00040000000000000002,discharge,-4.7054912685920618e-06,-1.3334631971518641e-05
0.41999999999999998,-1.8207560451067341e-05,0.00040000000000000002,discharge,-4.6416209373070365e-06,-1.3565939513760306e-05
0.41500000000000004,-1.8347156048154605e-05,0.00040000000000000002,discharge,-4.5747026538548381e-06,-1.3772453394299767e-05
0.41000000000000003,-1.8457267726675e-05,0.00040000000000000002,discharge,-4.5049149401374212e-06,-1.3952352786537577e-05
0.40500000000000003,-1.8536425085043303e-05,0.00040000000000000002,discharge,-4.4324408283480335e-06,-1.4103984256695268e-05
0.40000000000000002,-1.8583350867669921e-05,0.00040000000000000002,discharge,-4.3574669572055712e-06,-1.4225883910464348e-05
0.39500000000000002,-1.8596980135411298e-05,0.00040000000000000002,discharge,-4.2801826696519831e-06,-1.4316797465759315e-05
0.39000000000000001,-1.8576476999846051e-05,0.00040000000000000002,discharge,-4.2007791184442598e-06,-1.4375697881401791e-05
0.38500000000000001,-1.852124859578415e-05,0.00040000000000000002,discharge,-4.1194483858657384e-06,-1.4401800209918412e-05
0.38,-1.8430956012359518e-05,0.00040000000000000002,discharge,-4.0363826235200005e-06,-1.4394573388839516e-05
0.375,-1.8305521955840672e-05,0.00040000000000000002,discharge,-3.9517732178581932e-06,-1.4353748737982479e-05
0.37,-1.8145134975767539e-05,0.00040000000000000002,discharge,-3.8658099867318203e-06,-1.427932498903572e-05
0.36499999999999999,-1.7950250148864997e-05,0.00040000000000000002,discharge,-3.778680411862743e-06,-1.4171569737002253e-05
0.35999999999999999,-1.7721586180940215e-05,0.00040000000000000002,discharge,-3.6905689116854096e-06,-1.4031017269254804e-05
0.35499999999999998,-1.7460118954095979e-05,0.00040000000000000002,discharge,-3.6016561585489656e-06,-1.3858462795547012e-05
0.35000000000000003,-1.7167071613489763e-05,0.00040000000000000002,discharge,-3.5121184437744955e-06,-1.3654953169715267e-05
0.34500000000000003,-1.6843901352939861e-05,0.00040000000000000002,discharge,-3.422127093551051e-06,-1.342177425938881e-05
0.34000000000000002,-1.6492283120370807e-05,0.00040000000000000002,discharge,-3.3318479381295148e-06,-1.3160435182241293e-05
0.33500000000000002,-1.6114090520931823e-05,0.00040000000000000002,discharge,-3.2414408362413802e-06,-1.2872649684690443e-05
0.33000000000000002,-1.5711374246278084e-05,0.00040000000000000002,discharge,-3.1510592561362734e-06,-1.2560314990141812e-05
0.32500000000000001,-1.5286338401805556e-05,0.00040000000000000002,discharge,-3.0608499141030424e-06,-1.2225488487702515e-05
0.32000000000000001,-1.4841315138608801e-05,0.00040000000000000002,discharge,-2.9709524708200636e-06,-1.1870362667788738e-05
0.315,-1.4378738022846458e-05,0.00040000000000000002,discharge,-2.8814992853760764e-06,-1.1497238737470382e-05
0.31,-1.39011145915578e-05,0.00040000000000000002,discharge,-2.7926152263183456e-06,-1.1108499365239454e-05
0.30499999999999999,-1.3410998550538234e-05,0.00040000000000000002,discharge,-2.7044175386245409e-06,-1.0706581011913693e-05
0.29999999999999999,-1.2910962066676562e-05,0.00040000000000000002,discharge,-2.6170157650625013e-06,-1.0293946301614061e-05
0.29499999999999998,-1.2403568594459672e-05,0.00040000000000000002,discharge,-2.5305117200014407e-06,-9.8730568744582326e-06
0.28999999999999998,-1.1891346654683195e-05,0.00040000000000000002,discharge,-2.4449995133722753e-06,-9.4463471413109198e-06
0.28500000000000003,-1.1376764953510621e-05,0.00040000000000000002,discharge,-2.3605656221459263e-06,-9.0161993313646938e-06
0.28000000000000003,-1.0862209192837374e-05,0.00040000000000000002,discharge,-2.2772890064089085e-06,-8.5849201864284664e-06
0.27500000000000002,-1.0349960879539373e-05,0.00040000000000000002,discharge,-2.1952412668663488e-06,-8.154719612673024e-06
0.27000000000000002,-9.8421783928460495e-06,0.00040000000000000002,discharge,-2.1144868403950019e-06,-7.7276915524510472e-06
0.26500000000000001,-9.3408805170903455e-06,0.00040000000000000002,discharge,-2.035083230103021e-06,-7.3057972869873246e-06
0.26000000000000001,-8.8479325928143782e-06,0.00040000000000000002,discharge,-1.9570812662291397e-06,-6.8908513265852381e-06
0.255,-8.3650353840194995e-06,0.00040000000000000002,discharge,-1.8805253941309702e-06,-6.48450998988853e-06
0.25,-7.8937167045788826e-06,0.00040000000000000002,discharge,-1.8054539855692e-06,-6.0882627190096822e-06
0.245,-7.4353257937476587e-06,0.00040000000000000002,discharge,-1.7318996694901547e-06,-5.7034261242575037e-06
0.23999999999999999,-6.991030380475416e-06,0.00040000000000000002,discharge,-1.6598896785416304e-06,-5.3311407019337859e-06
0.23500000000000001,-6.5618163298838889e-06,0.00040000000000000002,discharge,-1.5894462076239372e-06,-4.9723701222599517e-06
0.23000000000000001,-6.1484897237007035e-06,0.00040000000000000002,discharge,-1.5205867808771786e-06,-4.6279029428235253e-06
0.22500000000000001,-5.7516811903500356e-06,0.00040000000000000002,discharge,-1.4533246236343421e-06,-4.2983565667156933e-06
0.22,-5.3718522703226823e-06,0.00040000000000000002,discharge,-1.3876690360247081e-06,-3.9841832342979742e-06
0.215,-5.0093035787257231e-06,0.00040000000000000002,discharge,-1.3236257650904952e-06,-3.6856778136352281e-06
0.20999999999999999,-4.6641845097040442e-06,0.00040000000000000002,discharge,-1.2611973724781968e-06,-3.4029871372258475e-06
0.20500000000000002,-4.3365042167134634e-06,0.00040000000000000002,discharge,-1.2003835949816792e-06,-3.136120621731784e-06
0.20000000000000001,-4.0261435982215968e-06,0.00040000000000000002,discharge,-1.1411816954433561e-06,-2.8849619027782407e-06
0.19500000000000001,-3.732868019981992e-06,0.00040000000000000002,discharge,-1.083586801759566e-06,-2.6492812182224262e-06
0.19,-3.4563405121022397e-06,0.00040000000000000002,discharge,-1.0275922319833659e-06,-2.4287482801188738e-06
0.185,-3.196135191132642e-06,0.00040000000000000002,discharge,-9.7318980376934882e-07,-2.2229453873632932e-06
0.17999999999999999,-2.9517506736791649e-06,0.00040000000000000002,discharge,-9.203701266577869e-07,-2.0313805470213778e-06
0.17500000000000002,-2.7226232678741242e-06,0.00040000000000000002,discharge,-8.6912287594669467e-07,-1.8535003919274295e-06
0.17000000000000001,-2.5081397516671931e-06,0.00040000000000000002,discharge,-8.1943704714766163e-07,-1.6887027045195316e-06
0.16500000000000001,-2.3076495715643125e-06,0.00040000000000000002,discharge,-7.7130119026218328e-07,-1.5363483813021291e-06
0.16,-2.12047632139121e-06,0.00040000000000000002,discharge,-7.2470362334759144e-07,-1.3957726980436187e-06
0.155,-1.9459283871715598e-06,0.00040000000000000002,discharge,-6.7963262506357014e-07,-1.2662957621079894e-06
0.14999999999999999,-1.7833086706173969e-06,0.00040000000000000002,discharge,-6.3607660610008455e-07,-1.1472320645173123e-06
0.14499999999999999,-1.6319233294247203e-06,0.00040000000000000002,discharge,-5.9402425958384823e-07,-1.037899069840872e-06
0.14000000000000001,-1.4910894970191645e-06,0.00040000000000000002,discharge,-5.5346469074210187e-07,-9.3762480627706248e-07
0.13500000000000001,-1.3601419671570947e-06,0.00040000000000000002,discharge,-5.1438752626854731e-07,-8.4575444088854743e-07
0.13,-1.2384388494959487e-06,0.00040000000000000002,discharge,-4.7678300398613376e-07,-7.6165584550981491e-07
0.125,-1.1253662206326421e-06,0.00040000000000000002,discharge,-4.4064204353455355e-07,-6.8472417709808844e-07
0.12,-1.0203418109869967e-06,0.00040000000000000002,discharge,-4.0595629892664873e-07,-6.1438551206034788e-07
0.115,-9.2281778117847799e-07,0.00040000000000000002,discharge,-3.7271819391738245e-07,-5.5009958726109549e-07
0.11,-8.3228265218733311e-07,0.00040000000000000002,discharge,-3.4092094121185081e-07,-4.913617109754823e-07
0.105,-7.4826246165365573e-07,0.00040000000000000002,discharge,-3.1055854660537722e-07,-4.3770391504827857e-07
0.10000000000000001,-6.7032122425906659e-07,0.00040000000000000002,discharge,-2.8162579919954807e-07,-3.8869542505951852e-07
0.095000000000000001,-5.980607774159717e-07,0.00040000000000000002,discharge,-2.5411824887386314e-07,-3.4394252854210861e-07
0.089999999999999997,-5.311200946595615e-07,0.00040000000000000002,discharge,-2.2803217221423152e-07,-3.0308792244532998e-07
0.085000000000000006,-4.6917414842917547e-07,0.00040000000000000002,discharge,-2.0336452810779702e-07,-2.6580962032137846e-07
0.080000000000000002,-4.1193240158976631e-07,0.00040000000000000002,discharge,-1.8011290420949501e-07,-2.3181949738027133e-07
0.074999999999999997,-3.5913700334302717e-07,0.00040000000000000002,discharge,-1.5827545547038862e-07,-2.0086154787263855e-07
0.070000000000000007,-3.1056076037536016e-07,0.00040000000000000002,discharge,-1.3785083589230534e-07,-1.7270992448305482e-07
0.065000000000000002,-2.6600494844459089e-07,0.00040000000000000002,discharge,-1.1883812463872243e-07,-1.4716682380586847e-07
0.059999999999999998,-2.2529702336528789e-07,0.00040000000000000002,discharge,-1.0123674758937252e-07,-1.2406027577591538e-07
0.055,-1.8828828374227018e-07,0.00040000000000000002,discharge,-8.5046395376787105e-08,-1.0324188836548307e-07
0.050000000000000003,-1.5485153103030616e-07,0.00040000000000000002,discharge,-7.0266938888089577e-08,-8.4584592142216582e-08
0.044999999999999998,-1.2487876574748885e-07,0.00040000000000000002,discharge,-5.6898343155870458e-08,-6.7980422591618394e-08
0.040000000000000001,-9.8278952096412824e-08,0.00040000000000000002,discharge,-4.4940580498966076e-08,-5.3338371597446742e-08
0.035000000000000003,-7.497587698019404e-08,0.00040000000000000002,discharge,-3.4393543708415615e-08,-4.0582333271778418e-08
0.029999999999999999,-5.4906123541882292e-08,0.00040000000000000002,discharge,-2.5256960006714926e-08,-2.9649163535167366e-08
0.025000000000000001,-3.8017173982470294e-08,0.00040000000000000002,discharge,-1.7530306440586421e-08,-2.0486867541883869e-08
0.02,-2.4265651576906793e-08,0.00040000000000000002,discharge,-1.121272729963564e-08,-1.3052924277271152e-08
0.014999999999999999,-1.3615707539674747e-08,0.00040000000000000002,discharge,-6.3029540861861794e-09,-7.3127534534885679e-09
0.01,-6.0375547024735351e-09,0.00040000000000000002,discharge,-2.799228495915342e-09,-3.2383262065581931e-09
0.0050000000000000001,-1.5061468504187598e-09,0.00040000000000000002,discharge,-6.9922880521897335e-10,-8.0691804519978647e-10
0,-0,0.00040000000000000002,discharge,-0,-0
1,-0,0.00059999999999999995,discharge,-0,-0
0.995,-2.0157835055575653e-09,0.00059999999999999995,discharge,-1.0488432078284649e-09,-9.669402977291006e-10
0.98999999999999999,-8.0656497336229216e-09,0.00059999999999999995,discharge,-4.1988427438729967e-09,-3.8668069897499249e-09
0.98499999999999999,-1.8151169502610146e-08,0.00059999999999999995,discharge,-9.4544311292793878e-09,-8.6967383733307584e-09
0.97999999999999998,-3.2271059024359106e-08,0.00059999999999999995,discharge,-1.6819090949453569e-08,-1.545196807490554e-08
0.97499999999999998,-5.0421289449227856e-08,0.00059999999999999995,discharge,-2.6295459660879715e-08,-2.4125829788348138e-08
0.96999999999999997,-7.2595203912955872e-08,0.00059999999999999995,discharge,-3.7885440010072419e-08,-3.4709763902883453e-08
0.96499999999999997,-9.8783641582235216e-08,0.00059999999999999995,discharge,-5.1590315562623753e-08,-4.7193326019611469e-08
0.95999999999999996,-1.289750681040629e-07,0.00059999999999999995,discharge,-6.7410870748449402e-08,-6.1564197355613503e-08
0.95500000000000007,-1.6315571176898566e-07,0.00059999999999999995,discharge,-8.534751473380537e-08,-7.7808197035180287e-08
0.95000000000000007,-2.0130970460110512e-07,0.00059999999999999995,discharge,-1.054004083321345e-07,-9.5909296268970631e-08
0.94500000000000006,-2.4341922748926528e-07,0.00059999999999999995,discharge,-1.275695930651807e-07,-1.1584963442408459e-07
0.94000000000000006,-2.8946465837541756e-07,0.00059999999999999995,discharge,-1.5185512138405876e-07,-1.376095369913588e-07
0.93500000000000005,-3.3942472241894534e-07,0.00059999999999999995,discharge,-1.7825718695808335e-07,-1.6116753546086196e-07
0.93000000000000005,-3.9327664296148518e-07,0.00059999999999999995,discharge,-2.0677625383845752e-07,-1.8650038912302764e-07
0.92500000000000004,-4.5099629202698996e-07,0.00059999999999999995,discharge,-2.3741318320558322e-07,-2.1358310882140672e-07
0.92000000000000004,-5.1255833900841648e-07,0.00059999999999999995,discharge,-2.7016935631424254e-07,-2.4238898269417394e-07
0.91500000000000004,-5.7793639611753853e-07,0.00059999999999999995,discharge,-3.0504679216169521e-07,-2.7288960395584332e-07
0.91000000000000003,-6.4710315911007409e-07,0.00059999999999999995,discharge,-3.4204825832134689e-07,-3.0505490078872726e-07
0.90500000000000003,-7.2003054174716377e-07,0.00059999999999999995,discharge,-3.8117737331079521e-07,-3.3885316843636861e-07
0.90000000000000002,-7.9668980241857678e-07,0.00059999999999999995,discharge,-4.2243869879932234e-07,-3.7425110361925439e-07
0.89500000000000002,-8.7705166133574154e-07,0.00059999999999999995,discharge,-4.6583781990806598e-07,-4.1121384142767561e-07
0.89000000000000001,-9.6108640670643863e-07,0.00059999999999999995,discharge,-5.1138141181777601e-07,-4.4970499488866252e-07
0.88500000000000001,-1.0487639883309705e-06,0.00059999999999999995,discharge,-5.5907729087607439e-07,-4.8968669745489615e-07
0.88,-1.1400540971146179e-06,0.00059999999999999995,discharge,-6.0893444838997379e-07,-5.311196487246441e-07
0.875,-1.234926229076615e-06,0.00059999999999999995,discharge,-6.6096306530183062e-07,-5.7396316377478434e-07
0.87,-1.33334973255457e-06,0.00059999999999999995,discharge,-7.1517450597920048e-07,-6.1817522657536956e-07
0.86499999999999999,-1.4352938374587599e-06,0.00059999999999999995,discharge,-7.7158128940282054e-07,-6.637125480559392e-07
0.85999999999999999,-1.540727665625724e-06,0.00059999999999999995,discharge,-8.3019703611315328e-07,-7.1053062951257071e-07
0.85499999999999998,-1.6496202215583013e-06,0.00059999999999999995,discharge,-8.9103638937577314e-07,-7.5858383218252812e-07
0.84999999999999998,-1.7619403631223264e-06,0.00059999999999999995,discharge,-9.5411490915012715e-07,-8.0782545397219935e-07
0.84499999999999997,-1.877656752100924e-06,0.00059999999999999995,discharge,-1.019448937595355e-06,-8.5820781450556894e-07
0.83999999999999997,-1.9967377848879774e-06,0.00059999999999999995,discharge,-1.0870554350213884e-06,-9.096823498665889e-07
0.83499999999999996,-2.1191515040340416e-06,0.00059999999999999995,discharge,-1.1569517853932755e-06,-9.6219971864076635e-07
0.83000000000000007,-2.2448654918417404e-06,0.00059999999999999995,discharge,-1.229155570721491e-06,-1.0157099211202492e-06
0.82500000000000007,-2.373846747743126e-06,0.00059999999999999995,discharge,-1.3036843139200422e-06,-1.0701624338230837e-06
0.82000000000000006,-2.5060615517777554e-06,0.00059999999999999995,discharge,-1.3805551899866802e-06,-1.1255063617910749e-06
0.81500000000000006,-2.6414753171247825e-06,0.00059999999999999995,discharge,-1.4597847056540226e-06,-1.1816906114707597e-06
0.81000000000000005,-2.7800524353211693e-06,0.00059999999999999995,discharge,-1.5413883479750479e-06,-1.2386640873461213e-06
0.80500000000000005,-2.9217561185160146e-06,0.00059999999999999995,discharge,-1.6253802026393471e-06,-1.2963759158766674e-06
0.80000000000000004,-3.0665482438601725e-06,0.00059999999999999995,discharge,-1.7117725431650345e-06,-1.354775700695138e-06
0.79500000000000004,-3.2143892059012547e-06,0.00059999999999999995,discharge,-1.8005753924725184e-06,-1.413813813428736e-06
0.79000000000000004,-3.3652377836348659e-06,0.00059999999999999995,discharge,-1.891796058717295e-06,-1.473441724917571e-06
0.78500000000000003,-3.519051029638435e-06,0.00059999999999999995,discharge,-1.9854386476357425e-06,-1.5336123820026926e-06
0.78000000000000003,-3.6757841894673637e-06,0.00059999999999999995,discharge,-2.0815035540370631e-06,-1.5942806354303009e-06
0.77500000000000002,-3.8353906602033253e-06,0.00059999999999999995,discharge,-2.1799869354515135e-06,-1.6554037247518119e-06
0.77000000000000002,-3.9978219976882805e-06,0.00059999999999999995,discharge,-2.2808801713157678e-06,-1.7169418263725129e-06
0.76500000000000001,-4.1630279825281723e-06,0.00059999999999999995,discharge,-2.3841693114359053e-06,-1.7788586710922668e-06
0.76000000000000001,-4.3309567553777391e-06,0.00059999999999999995,discharge,-2.4898345178124469e-06,-1.8411222375652919e-06
0.755,-4.5015550322897782e-06,0.00059999999999999995,discharge,-2.597849504235232e-06,-1.903705528054546e-06
0.75,-4.6747684109932013e-06,0.00059999999999999995,discharge,-2.7081809783538006e-06,-1.9665874326394007e-06
0.745,-4.8505417788170261e-06,0.00059999999999999995,discharge,-2.8207880911964547e-06,-2.0297536876205709e-06
0.73999999999999999,-5.0288198325633421e-06,0.00059999999999999995,discharge,-2.935621899343708e-06,-2.0931979332196341e-06
0.73499999999999999,-5.2095477199113404e-06,0.00059999999999999995,discharge,-3.0526248451545327e-06,-2.1569228747568081e-06
0.72999999999999998,-5.3926718108675998e-06,0.00059999999999999995,discharge,-3.1717302605925031e-06,-2.2209415502750968e-06
0.72499999999999998,-5.5781406063272318e-06,0.00059999999999999995,discharge,-3.2928619002995228e-06,-2.2852787060277086e-06
0.71999999999999997,-5.7659057889406449e-06,0.00059999999999999995,discharge,-3.4159335096133621e-06,-2.3499722793272828e-06
0.71499999999999997,-5.9559234191619141e-06,0.00059999999999999995,discharge,-3.5408484332188914e-06,-2.4150749859430231e-06
0.70999999999999996,-6.14815527656188e-06,0.00059999999999999995,discharge,-3.6674992700584149e-06,-2.4806560065034655e-06
0.70499999999999996,-6.3425703432067706e-06,0.00059999999999999995,discharge,-3.7957675800021636e-06,-2.546802763204607e-06
0.70000000000000007,-6.5391464221247847e-06,0.00059999999999999995,discharge,-3.9255236475937505e-06,-2.6136227745310343e-06
0.69500000000000006,-6.7378718796158044e-06,0.00059999999999999995,discharge,-4.0566263079368109e-06,-2.6812455716789936e-06
0.69000000000000006,-6.9387474954234641e-06,0.00059999999999999995,discharge,-4.1889228394775167e-06,-2.7498246559459479e-06
0.68500000000000005,-7.1417883996221371e-06,0.00059999999999999995,discharge,-4.3222489280641131e-06,-2.819539471558024e-06
0.68000000000000005,-7.3470260695292344e-06,0.00059999999999999995,discharge,-4.4564287062300931e-06,-2.8905973632991413e-06
0.67500000000000004,-7.5545103541117231e-06,0.00059999999999999995,discharge,-4.5912748711545628e-06,-2.9632354829571608e-06
0.67000000000000004,-7.7643114873115237e-06,0.00059999999999999995,discharge,-4.7265888842044082e-06,-3.0377226031071155e-06
0.66500000000000004,-7.9765220455867313e-06,0.00059999999999999995,discharge,-4.8621612543620685e-06,-3.1143607912246627e-06
0.66000000000000003,-8.1912587988952813e-06,0.00059999999999999995,discharge,-4.9977719071942684e-06,-3.1934868917010138e-06
0.65500000000000003,-8.4086643984978846e-06,0.00059999999999999995,discharge,-5.1331906403265746e-06,-3.2754737581713104e-06
0.65000000000000002,-8.628908839510683e-06,0.00059999999999999995,discharge,-5.2681776656617432e-06,-3.3607311738489402e-06
0.64500000000000002,-8.8521906312967886e-06,0.00059999999999999995,discharge,-5.402484237823448e-06,-3.4497063934733415e-06
0.64000000000000001,-9.0787376047655438e-06,0.00059999999999999995,discharge,-5.5358533675281129e-06,-3.5428842372374304e-06
0.63500000000000001,-9.3088072826765266e-06,0.00059999999999999995,discharge,-5.6680206177941158e-06,-3.6407866648824112e-06
0.63,-9.5426867373542925e-06,0.00059999999999999995,discharge,-5.7987149800977321e-06,-3.7439717572565604e-06
0.625,-9.7806918600417095e-06,0.00059999999999999995,discharge,-5.9276598267872898e-06,-3.8530320332544197e-06
0.62,-1.002316596767883e-05,0.00059999999999999995,discharge,-6.0545739352799999e-06,-3.96859203239883e-06
0.61499999999999999,-1.0270477676398763e-05,0.00059999999999999995,discharge,-6.1791725787986059e-06,-4.0913050976001579e-06
0.60999999999999999,-1.0523017976666417e-05,0.00059999999999999995,discharge,-6.3011686776663885e-06,-4.221849299000029e-06
0.60499999999999998,-1.0781196452900831e-05,0.00059999999999999995,discharge,-6.4202740044779759e-06,-4.3609224484228551e-06
0.59999999999999998,-1.1045436600725025e-05,0.00059999999999999995,discharge,-6.5362004358083576e-06,-4.509236164916667e-06
0.59499999999999997,-1.1316170207735623e-05,0.00059999999999999995,discharge,-6.6486612425220512e-06,-4.6675089652135717e-06
0.58999999999999997,-1.159383077887334e-05,0.00059999999999999995,discharge,-6.7573724102061309e-06,-4.8364583686672086e-06
0.58499999999999996,-1.1878846005032587e-05,0.00059999999999999995,discharge,-6.8620539807822589e-06,-5.0167920242503286e-06
0.57999999999999996,-1.217162929332652e-05,0.00059999999999999995,discharge,-6.9624314059605556e-06,-5.2091978873659636e-06
0.57500000000000007,-1.2472570399195608e-05,0.00059999999999999995,discharge,-7.0582369028880919e-06,-5.4143334963075157e-06
0.57000000000000006,-1.2782025224002771e-05,0.00059999999999999995,discharge,-7.1492108021217899e-06,-5.6328144218809805e-06
0.56500000000000006,-1.3100304866502641e-05,0.00059999999999999995,discharge,-7.2351028779240237e-06,-5.8652019885786177e-06
0.56000000000000005,-1.3427664042131112e-05,0.00059999999999999995,discharge,-7.3156736508420008e-06,-6.1119903912891123e-06
0.55500000000000005,-1.3764289009881201e-05,0.00059999999999999995,discharge,-7.3906956525913113e-06,-6.3735933572898909e-06
0.55000000000000004,-1.4110285171991988e-05,0.00059999999999999995,discharge,-7.4599546434206023e-06,-6.6503305285713859e-06
0.54500000000000004,-1.4465664536099849e-05,0.00059999999999999995,discharge,-7.5232507723882471e-06,-6.9424137637116024e-06
0.54000000000000004,-1.4830333252163056e-05,0.00059999999999999995,discharge,-7.5803996713313318e-06,-7.2499335808317238e-06
0.53500000000000003,-1.5204079456624093e-05,0.00059999999999999995,discharge,-7.6312334737502836e-06,-7.5728459828738101e-06
0.53000000000000003,-1.5586561673162939e-05,0.00059999999999999995,discharge,-7.6756017503647981e-06,-7.9109599227981408e-06
0.52500000000000002,-1.5977298032280387e-05,0.00059999999999999995,discharge,-7.7133723537142585e-06,-8.2639256785661263e-06
0.52000000000000002,-1.6375656580132092e-05,0.00059999999999999995,discharge,-7.7444321648721603e-06,-8.6312244152599322e-06
0.51500000000000001,-1.6780846949875872e-05,0.00059999999999999995,discharge,-7.7686877361129597e-06,-9.0121592137629141e-06
0.51000000000000001,-1.7191913665748028e-05,0.00059999999999999995,discharge,-7.7860658242030927e-06,-9.4058478415449353e-06
0.505,-1.7607731340716048e-05,0.00059999999999999995,discharge,-7.7965138098775704e-06,-9.8112175308384771e-06
0.5,-1.8027002012564871e-05,0.00059999999999999995,discharge,-7.7999999999999999e-06,-1.0227002012564871e-05
0.495,-1.8448254840520428e-05,0.00059999999999999995,discharge,-7.7965138098775704e-06,-1.0651741030642856e-05
0.48999999999999999,-1.8869848355028051e-05,0.00059999999999999995,discharge,-7.7860658242030927e-06,-1.1083782530824958e-05
0.48499999999999999,-1.9289975417300778e-05,0.00059999999999999995,discharge,-7.7686877361129597e-06,-1.1521287681187818e-05
0.47999999999999998,-1.9706671003144237e-05,0.00059999999999999995,discharge,-7.7444321648721603e-06,-1.1962238838272076e-05
0.47500000000000003,-2.0117822877956561e-05,0.00059999999999999995,discharge,-7.7133723537142585e-06,-1.2404450524242304e-05
0.47000000000000003,-2.0521185177491019e-05,0.00059999999999999995,discharge,-7.6756017503647981e-06,-1.2845583427126221e-05
0.46500000000000002,-2.0914394852934125e-05,0.00059999999999999995,discharge,-7.6312334737502836e-06,-1.3283161379183842e-05
0.46000000000000002,-2.1294990880235959e-05,0.00059999999999999995,discharge,-7.5803996713313352e-06,-1.3714591208904625e-05
0.45500000000000002,-2.1660436073714166e-05,0.00059999999999999995,discharge,-7.5232507723882471e-06,-1.4137185301325918e-05
0.45000000000000001,-2.2008141284133728e-05,0.00059999999999999995,discharge,-7.4599546434206048e-06,-1.4548186640713122e-05
0.44500000000000001,-2.2335491703210289e-05,0.00059999999999999995,discharge,-7.3906956525913147e-06,-1.4944796050618972e-05
0.44,-2.2639874941304233e-05,0.00059999999999999995,discharge,-7.3156736508420024e-06,-1.5324201290462232e-05
0.435,-2.2918710494467411e-05,0.00059999999999999995,discharge,-7.2351028779240237e-06,-1.5683607616543386e-05
0.42999999999999999,-2.3169480172426903e-05,0.00059999999999999995,discharge,-7.149210802121789e-06,-1.6020269370305113e-05
0.42499999999999999,-2.3389759021899859e-05,0.00059999999999999995,discharge,-7.0582369028880919e-06,-1.6331522119011766e-05
0.41999999999999998,-2.3577246251046994e-05,0.00059999999999999995,discharge,-6.9624314059605531e-06,-1.6614814845086439e-05
0.41500000000000004,-2.3729795641930574e-05,0.00059999999999999995,discharge,-6.8620539807822572e-06,-1.6867741661148318e-05
0.41000000000000003,-2.3845444929364174e-05,0.00059999999999999995,discharge,-6.7573724102061309e-06,-1.7088072519158044e-05
0.40500000000000003,-2.3922443627097289e-05,0.00059999999999999995,discharge,-6.6486612425220495e-06,-1.727378238457524e-05
0.40000000000000002,-2.3959278796161686e-05,0.00059999999999999995,discharge,-6.5362004358083559e-06,-1.7423078360353331e-05
0.39500000000000002,-2.3954698275418791e-05,0.00059999999999999995,discharge,-6.4202740044779734e-06,-1.7534424270940817e-05
0.39000000000000001,-2.390773093058816e-05,0.00059999999999999995,discharge,-6.3011686776663885e-06,-1.7606562252921773e-05
0.38500000000000001,-2.381770352470249e-05,0.00059999999999999995,discharge,-6.1791725787986059e-06,-1.7638530945903884e-05
0.38,-2.3684253869131038e-05,0.00059999999999999995,discharge,-6.0545739352799999e-06,-1.762967993385104e-05
0.375,-2.3507339978874823e-05,0.00059999999999999995,discharge,-5.9276598267872898e-06,-1.7579680152087533e-05
0.37,-2.3287245027352984e-05,0.00059999999999999995,discharge,-5.7987149800977304e-06,-1.7488530047255252e-05
0.36499999999999999,-2.3024577972755869e-05,0.00059999999999999995,discharge,-5.6680206177941141e-06,-1.7356557354961755e-05
0.35999999999999999,-2.2720269808454752e-05,0.00059999999999999995,discharge,-5.5358533675281138e-06,-1.7184416440926638e-05
0.35499999999999998,-2.2375565472040793e-05,0.00059999999999999995,discharge,-5.4024842378234471e-06,-1.6973081234217346e-05
0.35000000000000003,-2.1992011529362834e-05,0.00059999999999999995,discharge,-5.2681776656617424e-06,-1.6723833863701093e-05
0.34500000000000003,-2.157143982948866e-05,0.00059999999999999995,discharge,-5.1331906403265754e-06,-1.6438249189162087e-05
0.34000000000000002,-2.1115947401925723e-05,0.00059999999999999995,discharge,-4.9977719071942718e-06,-1.6118175494731452e-05
0.33500000000000002,-2.0627872936907242e-05,0.00059999999999999995,discharge,-4.8621612543620694e-06,-1.5765711682545174e-05
0.33000000000000002,-2.0109770251443489e-05,0.00059999999999999995,discharge,-4.7265888842044091e-06,-1.538318136723908e-05
0.32500000000000001,-1.9564379196725131e-05,0.00059999999999999995,discharge,-4.5912748711545628e-06,-1.4973104325570568e-05
0.32000000000000001,-1.8994594505162531e-05,0.00059999999999999995,discharge,-4.4564287062300948e-06,-1.4538165798932437e-05
0.315,-1.8403433106945669e-05,0.00059999999999999995,discharge,-4.322248928064114e-06,-1.4081184178881555e-05
0.31,-1.7794000465911258e-05,0.00059999999999999995,discharge,-4.1889228394775176e-06,-1.3605077626433741e-05
0.30499999999999999,-1.7169456492416673e-05,0.00059999999999999995,discharge,-4.0566263079368109e-06,-1.3112830184479864e-05
0.29999999999999999,-1.6532981586875987e-05,0.00059999999999999995,discharge,-3.9255236475937513e-06,-1.2607457939282235e-05
0.29499999999999998,-1.5887743351952352e-05,0.00059999999999999995,discharge,-3.7957675800021606e-06,-1.2091975771950192e-05
0.28999999999999998,-1.5236864484763557e-05,0.00059999999999999995,discharge,-3.6674992700584128e-06,-1.1569365214705145e-05
0.28500000000000003,-1.4583392323752071e-05,0.00059999999999999995,discharge,-3.5408484332188893e-06,-1.1042543890533182e-05
0.28000000000000003,-1.3930270479247751e-05,0.00059999999999999995,discharge,-3.4159335096133621e-06,-1.0514336969634389e-05
0.27500000000000002,-1.3280312923557214e-05,0.00059999999999999995,discharge,-3.2928619002995228e-06,-9.9874510232576915e-06
0.27000000000000002,-1.2636180857153029e-05,0.00059999999999999995,discharge,-3.1717302605925026e-06,-9.4644505965605263e-06
0.26500000000000001,-1.200036260381884e-05,0.00059999999999999995,discharge,-3.0526248451545306e-06,-8.9477377586643092e-06
0.26000000000000001,-1.1375156721100905e-05,0.00059999999999999995,discharge,-2.9356218993437088e-06,-8.4395348217571969e-06
0.255,-1.0762658444799956e-05,0.00059999999999999995,discharge,-2.8207880911964547e-06,-7.9418703536035013e-06
0.25,-1.0164749519145518e-05,0.00059999999999999995,discharge,-2.7081809783537993e-06,-7.4565685407917189e-06
0.245,-9.5830913992804166e-06,0.00059999999999999995,discharge,-2.5978495042352316e-06,-6.9852418950451846e-06
0.23999999999999999,-9.0191217511728045e-06,0.00059999999999999995,discharge,-2.4898345178124452e-06,-6.5292872333603592e-06
0.23500000000000001,-8.4740541173345494e-06,0.00059999999999999995,discharge,-2.3841693114359053e-06,-6.0898848058986433e-06
0.23000000000000001,-7.948880565836921e-06,0.00059999999999999995,discharge,-2.2808801713157678e-06,-5.6680003945211541e-06
0.22500000000000001,-7.4443770959489165e-06,0.00059999999999999995,discharge,-2.1799869354515126e-06,-5.2643901604974038e-06
0.22,-6.9611115369278599e-06,0.00059999999999999995,discharge,-2.0815035540370618e-06,-4.8796079828907976e-06
0.215,-6.4994536474872526e-06,0.00059999999999999995,discharge,-1.9854386476357425e-06,-4.5140149998515097e-06
0.20999999999999999,-6.0595871024461962e-06,0.00059999999999999995,discharge,-1.891796058717295e-06,-4.1677910437289014e-06
0.20500000000000002,-5.6415230400039224e-06,0.00059999999999999995,discharge,-1.8005753924725184e-06,-3.8409476475314036e-06
0.20000000000000001,-5.2451148377528034e-06,0.00059999999999999995,discharge,-1.7117725431650339e-06,-3.5333422945877697e-06
0.19500000000000001,-4.870073787531326e-06,0.00059999999999999995,discharge,-1.6253802026393488e-06,-3.2446935848919774e-06
0.19,-4.5159853479517812e-06,0.00059999999999999995,discharge,-1.5413883479750486e-06,-2.9745969999767328e-06
0.185,-4.1823256682108054e-06,0.00059999999999999995,discharge,-1.459784705654023e-06,-2.7225409625567826e-06
0.17999999999999999,-3.8684780967957532e-06,0.00059999999999999995,discharge,-1.3805551899866802e-06,-2.487922906809073e-06
0.17500000000000002,-3.5737494130554609e-06,0.00059999999999999995,discharge,-1.3036843139200417e-06,-2.2700650991354192e-06
0.17000000000000001,-3.2973855473868943e-06,0.00059999999999999995,discharge,-1.2291555707214923e-06,-2.0682299766654018e-06
0.16500000000000001,-3.0385865860638267e-06,0.00059999999999999995,discharge,-1.1569517853932749e-06,-1.8816348006705517e-06
0.16,-2.7965208885787101e-06,0.00059999999999999995,discharge,-1.0870554350213871e-06,-1.7094654535573229e-06
0.155,-2.5703381779020186e-06,0.00059999999999999995,discharge,-1.019448937595355e-06,-1.5508892403066636e-06
0.14999999999999999,-2.3591814964636896e-06,0.00059999999999999995,discharge,-9.5411490915012672e-07,-1.4050665873135626e-06
0.14499999999999999,-2.1621979521854807e-06,0.00059999999999999995,discharge,-8.9103638937577218e-07,-1.2711615628097086e-06
0.14000000000000001,-1.9785482088905168e-06,0.00059999999999999995,discharge,-8.3019703611315265e-07,-1.1483511727773643e-06
0.13500000000000001,-1.8074147033377302e-06,0.00059999999999999995,discharge,-7.7158128940282097e-07,-1.0358334139349093e-06
0.13,-1.6480085965327706e-06,0.00059999999999999995,discharge,-7.1517450597920048e-07,-9.3283409055357011e-07
0.125,-1.4995754895205402e-06,0.00059999999999999995,discharge,-6.609630653018302e-07,-8.3861242421870991e-07
0.12,-1.3613999533431791e-06,0.00059999999999999995,discharge,-6.0893444838997304e-07,-7.5246550495320621e-07
0.115,-1.2328089391287302e-06,0.00059999999999999995,discharge,-5.5907729087607354e-07,-6.7373164825265652e-07
0.11,-1.1131741473331943e-06,0.00059999999999999995,discharge,-5.1138141181777611e-07,-6.0179273551541818e-07
0.105,-1.0019134450514647e-06,0.00059999999999999995,discharge,-4.6583781990806577e-07,-5.360756251433989e-07
0.10000000000000001,-8.9849142717434107e-07,0.00059999999999999995,discharge,-4.2243869879932202e-07,-4.7605272837501905e-07
0.095000000000000001,-8.0241922119619728e-07,0.00059999999999999995,discharge,-3.8117737331079463e-07,-4.212418478854027e-07
0.089999999999999997,-7.1325363691699678e-07,0.00059999999999999995,discharge,-3.4204825832134726e-07,-3.7120537859564952e-07
0.085000000000000006,-6.3059576141684918e-07,0.00059999999999999995,discharge,-3.0504679216169547e-07,-3.2554896925515371e-07
0.080000000000000002,-5.540890968193057e-07,0.00059999999999999995,discharge,-2.7016935631424248e-07,-2.8391974050506317e-07
0.074999999999999997,-4.8341733382237305e-07,0.00059999999999999995,discharge,-2.374131832055829e-07,-2.460041506167902e-07
0.070000000000000007,-4.1830184808750794e-07,0.00059999999999999995,discharge,-2.0677625383845797e-07,-2.1152559424904999e-07
0.065000000000000002,-3.5849899965331059e-07,0.00059999999999999995,discharge,-1.7825718695808362e-07,-1.80241812695227e-07
0.059999999999999998,-3.0379730788403731e-07,0.00059999999999999995,discharge,-1.5185512138405876e-07,-1.5194218649997852e-07
0.055,-2.5401456635358896e-07,0.00059999999999999995,discharge,-1.2756959306518064e-07,-1.2644497328840834e-07
0.050000000000000003,-2.089949537570634e-07,0.00059999999999999995,discharge,-1.0540040833213435e-07,-1.0359454542492905e-07
0.044999999999999998,-1.6860618865792322e-07,0.00059999999999999995,discharge,-8.5347514733805674e-08,-8.3258673924117534e-08
0.040000000000000001,-1.327367678108008e-07,0.00059999999999999995,discharge,-6.7410870748449111e-08,-6.5325897062351692e-08
0.035000000000000003,-1.0129332010633827e-07,0.00059999999999999995,discharge,-5.1590315562623409e-08,-4.9703004543714862e-08
0.029999999999999999,-7.4198100990819125e-08,0.00059999999999999995,discharge,-3.7885440010072386e-08,-3.6312660980746739e-08
0.025000000000000001,-5.1386645613680709e-08,0.00059999999999999995,discharge,-2.6295459660879629e-08,-2.5091185952801077e-08
0.02,-3.2805593014704057e-08,0.00059999999999999995,discharge,-1.6819090949453457e-08,-1.5986502065250604e-08
0.014999999999999999,-1.8410688417190519e-08,0.00059999999999999995,discharge,-9.454431129279267e-09,-8.9562572879112535e-09
0.01,-8.1649661572481393e-09,0.00059999999999999995,discharge,-4.1988427438730124e-09,-3.9661234133751261e-09
0.0050000000000000001,-2.0371119453202245e-09,0.00059999999999999995,discharge,-1.0488432078284599e-09,-9.8826873749176475e-10
0,-0,0.00059999999999999995,discharge,-0,-0
1,-0,0.00080000000000000004,discharge,-0,-0
0.995,-2.5149840928063398e-09,0.00080000000000000004,discharge,-1.3984576104379533e-09,-1.1165264823683863e-09
0.98999999999999999,-1.0063461104703553e-08,0.00080000000000000004,discharge,-5.5984569918306625e-09,-4.465004112872891e-09
0.98499999999999999,-2.2648036654201043e-08,0.00080000000000000004,discharge,-1.2605908172372519e-08,-1.0042128481828524e-08
0.97999999999999998,-4.0267850454383862e-08,0.00080000000000000004,discharge,-2.2425454599271429e-08,-1.7842395855112436e-08
0.97499999999999998,-6.2918721526624738e-08,0.00080000000000000004,discharge,-3.5060612881172955e-08,-2.7858108645451783e-08
0.96999999999999997,-9.0593303079106137e-08,0.00080000000000000004,discharge,-5.0513920013429898e-08,-4.0079383065676232e-08
0.96499999999999997,-1.2328124637958458e-07,0.00080000000000000004,discharge,-6.878708741683168e-08,-5.4494158962752903e-08
0.95999999999999996,-1.6096937282934596e-07,0.00080000000000000004,discharge,-8.9881160997932562e-08,-7.10882118314134e-08
0.95500000000000007,-2.0364185331858208e-07,0.00080000000000000004,discharge,-1.1379668631174051e-07,-8.984516700684157e-08
0.95000000000000007,-2.5128039381353487e-07,0.00080000000000000004,discharge,-1.4053387777617934e-07,-1.1074651603735554e-07
0.94500000000000006,-3.0386442599410426e-07,0.00080000000000000004,discharge,-1.7009279075357429e-07,-1.3377163524052998e-07
0.94000000000000006,-3.6137130162878656e-07,0.00080000000000000004,discharge,-2.0247349517874503e-07,-1.5889780645004156e-07
0.93500000000000005,-4.2377648924335894e-07,0.00080000000000000004,discharge,-2.3767624927744452e-07,-1.8610023996591442e-07
0.93000000000000005,-4.9105377151290996e-07,0.00080000000000000004,discharge,-2.7570167178461005e-07,-2.1535209972829992e-07
0.92500000000000004,-5.6317544168557028e-07,0.00080000000000000004,discharge,-3.1655091094077766e-07,-2.4662453074479262e-07
0.92000000000000004,-6.4011249723315189e-07,0.00080000000000000004,discharge,-3.6022580841899012e-07,-2.7988668881416177e-07
0.91500000000000004,-7.218348288215067e-07,0.00080000000000000004,discharge,-4.0672905621559371e-07,-3.1510577260591304e-07
0.91000000000000003,-8.0831140260443511e-07,0.00080000000000000004,discharge,-4.5606434442846257e-07,-3.5224705817597254e-07
0.90500000000000003,-8.995104337727171e-07,0.00080000000000000004,discharge,-5.0823649774772702e-07,-3.9127393602499003e-07
0.90000000000000002,-9.9539954923727869e-07,0.00080000000000000004,discharge,-5.6325159839909656e-07,-4.3214795083818213e-07
0.89500000000000002,-1.095945937296292e-06,0.00080000000000000004,discharge,-6.2111709321075475e-07,-4.7482884408553726e-07
0.89000000000000001,-1.2011164821334785e-06,0.00080000000000000004,discharge,-6.8184188242370141e-07,-5.1927459970977721e-07
0.88500000000000001,-1.3108778810230924e-06,0.00080000000000000004,discharge,-7.4543638783476596e-07,-5.6544149318832632e-07
0.88,-1.4251967421794441e-06,0.00080000000000000004,discharge,-8.1191259785329852e-07,-6.1328414432614558e-07
0.875,-1.5440396612897096e-06,0.00080000000000000004,discharge,-8.8128408706910763e-07,-6.6275557422060203e-07
0.87,-1.6673732749115626e-06,0.00080000000000000004,discharge,-9.5356600797226751e-07,-7.138072669392951e-07
0.86499999999999999,-1.7951642891063521e-06,0.00080000000000000004,discharge,-1.0287750525370942e-06,-7.6638923656925792e-07
0.85999999999999999,-1.9273794819173189e-06,0.00080000000000000004,discharge,-1.1069293814842046e-06,-8.2045010043311406e-07
0.85499999999999998,-2.0639856785946586e-06,0.00080000000000000004,discharge,-1.1880485191676977e-06,-8.759371594269611e-07
0.84999999999999998,-2.2049496988183316e-06,0.00080000000000000004,discharge,-1.2721532122001697e-06,-9.3279648661816194e-07
0.84499999999999997,-2.3502382755780017e-06,0.00080000000000000004,discharge,-1.3592652501271403e-06,-9.9097302545086145e-07
0.83999999999999997,-2.4998179458402376e-06,0.00080000000000000004,discharge,-1.4494072466951846e-06,-1.050410699145053e-06
0.83499999999999996,-2.6536549136672247e-06,0.00080000000000000004,discharge,-1.5426023805243674e-06,-1.1110525331428573e-06
0.83000000000000007,-2.8117148870500207e-06,0.00080000000000000004,discharge,-1.6388740942953216e-06,-1.1728407927546991e-06
0.82500000000000007,-2.9739628903821547e-06,0.00080000000000000004,discharge,-1.7382457518933898e-06,-1.2357171384887649e-06
0.82000000000000006,-3.1403630552250007e-06,0.00080000000000000004,discharge,-1.8407402533155738e-06,-1.2996228019094271e-06
0.81500000000000006,-3.3108783928016907e-06,0.00080000000000000004,discharge,-1.9463796075386972e-06,-1.3644987852629933e-06
0.81000000000000005,-3.4854705524963416e-06,0.00080000000000000004,discharge,-2.0551844639667309e-06,-1.4302860885296108e-06
0.80500000000000005,-3.6640995715238132e-06,0.00080000000000000004,discharge,-2.1671736035191298e-06,-1.4969259680046832e-06
0.80000000000000004,-3.8467236218625167e-06,0.00080000000000000004,discharge,-2.282363390886713e-06,-1.5643602309758037e-06
0.79500000000000004,-4.033298761497543e-06,0.00080000000000000004,discharge,-2.4007671899633584e-06,-1.6325315715341842e-06
0.79000000000000004,-4.2237786979891662e-06,0.00080000000000000004,discharge,-2.5223947449563936e-06,-1.7013839530327724e-06
0.78500000000000003,-4.4181145733445861e-06,0.00080000000000000004,discharge,-2.6472515301809904e-06,-1.7708630431635957e-06
0.78000000000000003,-4.6162547801084016e-06,0.00080000000000000004,discharge,-2.775338072049418e-06,-1.8409167080589838e-06
0.77500000000000002,-4.8181448194746211e-06,0.00080000000000000004,discharge,-2.9066492472686851e-06,-1.9114955722059356e-06
0.77000000000000002,-5.0237272130325534e-06,0.00080000000000000004,discharge,-3.0411735617543573e-06,-1.9825536512781965e-06
0.76500000000000001,-5.232941480458715e-06,0.00080000000000000004,discharge,-3.1788924152478743e-06,-2.0540490652108406e-06
0.76000000000000001,-5.4457241960219182e-06,0.00080000000000000004,discharge,-3.3197793570832629e-06,-2.1259448389386553e-06
0.755,-5.6620091371404522e-06,0.00080000000000000004,discharge,-3.4637993389803099e-06,-2.1982097981601419e-06
0.75,-5.8817275383769878e-06,0.00080000000000000004,discharge,-3.6109079711384012e-06,-2.2708195672385862e-06
0.745,-6.1048084641346848e-06,0.00080000000000000004,discharge,-3.7610507882619404e-06,-2.3437576758727448e-06
0.73999999999999999,-6.3311793128813259e-06,0.00080000000000000004,discharge,-3.9141625324582776e-06,-2.4170167804230483e-06
0.73499999999999999,-6.5607664649302542e-06,0.00080000000000000004,discharge,-4.0701664602060445e-06,-2.4906000047242093e-06
0.72999999999999998,-6.7934960846015086e-06,0.00080000000000000004,discharge,-4.2289736807900047e-06,-2.564522403811504e-06
0.72499999999999998,-7.0292950859295327e-06,0.00080000000000000004,discharge,-4.3904825337326977e-06,-2.6388125521968346e-06
0.71999999999999997,-7.2680922689333475e-06,0.00080000000000000004,discharge,-4.5545780128178169e-06,-2.7135142561155306e-06
0.71499999999999997,-7.5098196307865285e-06,0.00080000000000000004,discharge,-4.721131244291856e-06,-2.7886883864946724e-06
0.70999999999999996,-7.7544138529878298e-06,0.00080000000000000004,discharge,-4.8899990267445541e-06,-2.8644148262432757e-06
0.70499999999999996,-8.0018179618210108e-06,0.00080000000000000004,discharge,-5.0610234400028857e-06,-2.9407945218181256e-06
0.70000000000000007,-8.2519831549962603e-06,0.00080000000000000004,discharge,-5.2340315301250009e-06,-3.0179516248712585e-06
0.69500000000000006,-8.5048707823937998e-06,0.00080000000000000004,discharge,-5.4088350772490818e-06,-3.0960357051447184e-06
0.69000000000000006,-8.7604544633060168e-06,0.00080000000000000004,discharge,-5.5852304526366904e-06,-3.175224010669326e-06
0.68500000000000005,-9.0187223165417527e-06,0.00080000000000000004,discharge,-5.7629985707521511e-06,-3.2557237457896012e-06
0.68000000000000005,-9.2796792732792879e-06,0.00080000000000000004,discharge,-5.9419049416401247e-06,-3.3377743316391636e-06
0.67500000000000004,-9.5433494357212202e-06,0.00080000000000000004,discharge,-6.1216998282060848e-06,-3.4216496075151354e-06
0.67000000000000004,-9.8097784375271528e-06,0.00080000000000000004,discharge,-6.3021185122725451e-06,-3.507659925254608e-06
0.66500000000000004,-1.0079035754817109e-05,0.00080000000000000004,discharge,-6.4828816724827586e-06,-3.5961540823343502e-06
0.66000000000000003,-1.0351216909413269e-05,0.00080000000000000004,discharge,-6.6636958762590253e-06,-3.6875210331542437e-06
0.65500000000000003,-1.0626445499109624e-05,0.00080000000000000004,discharge,-6.8442541871021003e-06,-3.7821913120075231e-06
0.65000000000000002,-1.0904874983340298e-05,0.00080000000000000004,discharge,-7.0242368875489918e-06,-3.8806380957913062e-06
0.64500000000000002,-1.1186690146891946e-05,0.00080000000000000004,discharge,-7.2033123170979321e-06,-3.9833778297940135e-06
0.64000000000000001,-1.1472108159524243e-05,0.00080000000000000004,discharge,-7.3811378233708175e-06,-4.090970336153425e-06
0.63500000000000001,-1.1761379145789208e-05,0.00080000000000000004,discharge,-7.5573608237254885e-06,-4.2040183220637207e-06
0.63,-1.2054786177244507e-05,0.00080000000000000004,discharge,-7.731619973463644e-06,-4.3231662037808634e-06
0.625,-1.2352644598907767e-05,0.00080000000000000004,discharge,-7.9035464357163864e-06,-4.4490981631913808e-06
0.62,-1.2655300603458539e-05,0.00080000000000000004,discharge,-8.072765247040001e-06,-4.5825353564185381e-06
0.61499999999999999,-1.2963128970604156e-05,0.00080000000000000004,discharge,-8.2388967717314767e-06,-4.7242321988726783e-06
0.60999999999999999,-1.3276529895399919e-05,0.00080000000000000004,discharge,-8.4015582368885196e-06,-4.8749716585113998e-06
0.60499999999999998,-1.3595924838328005e-05,0.00080000000000000004,discharge,-8.5603653393039696e-06,-5.0355594990240348e-06
0.59999999999999998,-1.3921751341719612e-05,0.00080000000000000004,discharge,-8.7149339144111441e-06,-5.206817427308467e-06
0.59499999999999997,-1.4254456771718162e-05,0.00080000000000000004,discharge,-8.8648816566960688e-06,-5.3895751150220945e-06
0.58999999999999997,-1.4594490962423705e-05,0.00080000000000000004,discharge,-9.0098298802748424e-06,-5.5846610821488628e-06
0.58499999999999996,-1.494229775904827e-05,0.00080000000000000004,discharge,-9.1494053077096797e-06,-5.7928924513385903e-06
0.57999999999999996,-1.5298305479679612e-05,0.00080000000000000004,discharge,-9.2832418746140747e-06,-6.0150636050655386e-06
0.57500000000000007,-1.5662916340335229e-05,0.00080000000000000004,discharge,-9.4109825371841236e-06,-6.2519338031511049e-06
0.57000000000000006,-1.6036494915032103e-05,0.00080000000000000004,discharge,-9.532281069495721e-06,-6.5042138455363816e-06
0.56500000000000006,-1.641935573114682e-05,0.00080000000000000004,discharge,-9.6468038372320328e-06,-6.7725518939147872e-06
0.56000000000000005,-1.6811750129846353e-05,0.00080000000000000004,discharge,-9.7542315344560027e-06,-7.0575185953903513e-06
0.55500000000000005,-1.7213852551194808e-05,0.00080000000000000004,discharge,-9.8542608701217495e-06,-7.3595916810730587e-06
0.55000000000000004,-1.7625746432968821e-05,0.00080000000000000004,discharge,-9.9466061912274714e-06,-7.6791402417413517e-06
0.54500000000000004,-1.8047409940460313e-05,0.00080000000000000004,discharge,-1.0031001029850998e-05,-8.0164089106093144e-06
0.54000000000000004,-1.8478701770775316e-05,0.00080000000000000004,discharge,-1.010719956177511e-05,-8.3715022090002076e-06
0.53500000000000003,-1.8919347298487921e-05,0.00080000000000000004,discharge,-1.017497796500038e-05,-8.7443693334875413e-06
0.53000000000000003,-1.9368925349104763e-05,0.00080000000000000004,discharge,-1.0234135667153065e-05,-9.1347896819516969e-06
0.52500000000000002,-1.982685590178544e-05,0.00080000000000000004,discharge,-1.0284496471619012e-05,-9.5423594301664275e-06
0.52000000000000002,-2.0292389032335668e-05,0.00080000000000000004,discharge,-1.0325909553162883e-05,-9.9664794791727854e-06
0.51500000000000001,-2.076459541090885e-05,0.00080000000000000004,discharge,-1.0358250314817281e-05,-1.040634509609157e-05
0.51000000000000001,-2.1242358665482714e-05,0.00080000000000000004,discharge,-1.0381421098937457e-05,-1.0860937566545259e-05
0.505,-2.1724369911518569e-05,0.00080000000000000004,discharge,-1.0395351746503428e-05,-1.1329018165015142e-05
0.5,-2.2209124729914348e-05,0.00080000000000000004,discharge,-1.0400000000000002e-05,-1.1809124729914346e-05
0.495,-2.2694922849263096e-05,0.00080000000000000004,discharge,-1.0395351746503428e-05,-1.2299571102759669e-05
0.48999999999999999,-2.3179870754559581e-05,0.00080000000000000004,discharge,-1.0381421098937457e-05,-1.2798449655622124e-05
0.48499999999999999,-2.3661887403107095e-05,0.00080000000000000004,discharge,-1.0358250314817281e-05,-1.3303637088289814e-05
0.47999999999999998,-2.4138713179936844e-05,0.00080000000000000004,discharge,-1.0325909553162883e-05,-1.381280362677396e-05
0.47500000000000003,-2.4607922170260391e-05,0.00080000000000000004,discharge,-1.0284496471619012e-05,-1.432342569864138e-05
0.47000000000000003,-2.5066937766251303e-05,0.00080000000000000004,discharge,-1.0234135667153066e-05,-1.4832802099098239e-05
0.46500000000000002,-2.5513051560922447e-05,0.00080000000000000004,discharge,-1.017497796500038e-05,-1.5338073595922065e-05
0.46000000000000002,-2.5943445414348636e-05,0.00080000000000000004,discharge,-1.0107199561775115e-05,-1.5836245852573521e-05
0.45500000000000002,-2.6355216508459277e-05,0.00080000000000000004,discharge,-1.0031001029850998e-05,-1.6324215478608279e-05
0.45000000000000001,-2.6745405137700754e-05,0.00080000000000000004,discharge,-9.9466061912274748e-06,-1.6798798946473281e-05
0.44500000000000001,-2.7111024915739592e-05,0.00080000000000000004,discharge,-9.8542608701217529e-06,-1.7256764045617839e-05
0.44,-2.7449095014784764e-05,0.00080000000000000004,discharge,-9.7542315344560044e-06,-1.769486348032876e-05
0.435,-2.7756673995783613e-05,0.00080000000000000004,discharge,-9.6468038372320328e-06,-1.810987015855158e-05
0.42999999999999999,-2.8030894736367672e-05,0.00080000000000000004,discharge,-9.532281069495721e-06,-1.8498613666871951e-05
0.42499999999999999,-2.826899992055967e-05,0.00080000000000000004,discharge,-9.4109825371841236e-06,-1.8858017383375546e-05
0.41999999999999998,-2.846837752130697e-05,0.00080000000000000004,discharge,-9.283241874614073e-06,-1.9185135646692897e-05
0.41500000000000004,-2.8626595685079774e-05,0.00080000000000000004,discharge,-9.1494053077096763e-06,-1.9477190377370098e-05
0.41000000000000003,-2.874143641801033e-05,0.00080000000000000004,discharge,-9.0098298802748424e-06,-1.9731606537735488e-05
0.40500000000000003,-2.881092747601113e-05,0.00080000000000000004,discharge,-8.8648816566960671e-06,-1.9946045819315063e-05
0.40000000000000002,-2.8833371877335024e-05,0.00080000000000000004,discharge,-8.7149339144111424e-06,-2.0118437962923882e-05
0.39500000000000002,-2.8807374485129549e-05,0.00080000000000000004,discharge,-8.5603653393039662e-06,-2.0247009145825581e-05
0.39000000000000001,-2.8731865149345101e-05,0.00080000000000000004,discharge,-8.4015582368885196e-06,-2.0330306912456583e-05
0.38500000000000001,-2.8606117951185782e-05,0.00080000000000000004,discharge,-8.2388967717314767e-06,-2.0367221179454306e-05
0.38,-2.8429766158111687e-05,0.00080000000000000004,discharge,-8.072765247040001e-06,-2.0357000911071686e-05
0.375,-2.8202812571866905e-05,0.00080000000000000004,discharge,-7.9035464357163864e-06,-2.0299266136150518e-05
0.37,-2.7925635034491e-05,0.00080000000000000004,discharge,-7.7316199734636406e-06,-2.019401506102736e-05
0.36499999999999999,-2.7598986945910186e-05,0.00080000000000000004,discharge,-7.557360823725486e-06,-2.0041626122184702e-05
0.35999999999999999,-2.722399273944207e-05,0.00080000000000000004,discharge,-7.3811378233708192e-06,-1.9842854916071252e-05
0.35499999999999998,-2.6802138356203473e-05,0.00080000000000000004,discharge,-7.2033123170979312e-06,-1.9598826039105543e-05
0.35000000000000003,-2.6335256853729805e-05,0.00080000000000000004,discharge,-7.024236887548991e-06,-1.9311019966180814e-05
0.34500000000000003,-2.5825509375839859e-05,0.00080000000000000004,discharge,-6.844254187102102e-06,-1.8981255188737756e-05
0.34000000000000002,-2.5275361797716702e-05,0.00080000000000000004,discharge,-6.6636958762590296e-06,-1.8611665921457671e-05
0.33500000000000002,-2.4687557440249731e-05,0.00080000000000000004,discharge,-6.4828816724827603e-06,-1.8204675767766971e-05
0.33000000000000002,-2.4065086319009185e-05,0.00080000000000000004,discharge,-6.3021185122725468e-06,-1.7762967806736638e-05
0.32500000000000001,-2.3411151454151121e-05,0.00080000000000000004,discharge,-6.1216998282060848e-06,-1.7289451625945036e-05
0.32000000000000001,-2.2729132816714233e-05,0.00080000000000000004,discharge,-5.9419049416401272e-06,-1.6787227875074106e-05
0.315,-2.2022549523124084e-05,0.00080000000000000004,discharge,-5.7629985707521528e-06,-1.6259550952371932e-05
0.31,-2.1295020912571244e-05,0.00080000000000000004,discharge,-5.5852304526366912e-06,-1.5709790459934553e-05
0.30499999999999999,-2.0550227150943683e-05,0.00080000000000000004,discharge,-5.4088350772490818e-06,-1.5141392073694601e-05
0.29999999999999999,-1.9791870000207971e-05,0.00080000000000000004,discharge,-5.2340315301250026e-06,-1.4557838470082967e-05
0.29499999999999998,-1.9023634373942635e-05,0.00080000000000000004,discharge,-5.0610234400028814e-06,-1.3962610933939754e-05
0.28999999999999998,-1.8249151268870769e-05,0.00080000000000000004,discharge,-4.8899990267445507e-06,-1.3359152242126217e-05
0.28500000000000003,-1.7471962619767032e-05,0.00080000000000000004,discharge,-4.7211312442918527e-06,-1.275083137547518e-05
0.28000000000000003,-1.6695488572355514e-05,0.00080000000000000004,discharge,-4.5545780128178169e-06,-1.2140910559537698e-05
0.27500000000000002,-1.5922997607324759e-05,0.00080000000000000004,discharge,-4.3904825337326977e-06,-1.1532515073592063e-05
0.27000000000000002,-1.5157579880102274e-05,0.00080000000000000004,discharge,-4.2289736807900038e-06,-1.0928606199312269e-05
0.26500000000000001,-1.4402124067412079e-05,0.00080000000000000004,discharge,-4.0701664602060419e-06,-1.0331957607206037e-05
0.26000000000000001,-1.3659297934811756e-05,0.00080000000000000004,discharge,-3.9141625324582793e-06,-9.7451354023534774e-06
0.255,-1.2931532761306121e-05,0.00080000000000000004,discharge,-3.7610507882619404e-06,-9.1704819730441798e-06
0.25,-1.222101167965239e-05,0.00080000000000000004,discharge,-3.6109079711383999e-06,-8.6101037085139892e-06
0.245,-1.1529661915898289e-05,0.00080000000000000004,discharge,-3.4637993389803095e-06,-8.0658625769179786e-06
0.23999999999999999,-1.0859150840677243e-05,0.00080000000000000004,discharge,-3.3197793570832607e-06,-7.539371483593982e-06
0.23500000000000001,-1.0210885679286662e-05,0.00080000000000000004,discharge,-3.1788924152478743e-06,-7.0319932640387881e-06
0.23000000000000001,-9.586016668841745e-06,0.00080000000000000004,discharge,-3.0411735617543573e-06,-6.5448431070873869e-06
0.22500000000000001,-8.9854433998334711e-06,0.00080000000000000004,discharge,-2.9066492472686842e-06,-6.0787941525647873e-06
0.22,-8.4098240369731145e-06,0.00080000000000000004,discharge,-2.7753380720494163e-06,-5.6344859649236982e-06
0.215,-7.8595870807615468e-06,0.00080000000000000004,discharge,-2.6472515301809904e-06,-5.212335550580556e-06
0.20999999999999999,-7.3349453070023793e-06,0.00080000000000000004,discharge,-2.5223947449563936e-06,-4.8125505620459857e-06
0.20500000000000002,-6.8359115064543909e-06,0.00080000000000000004,discharge,-2.4007671899633584e-06,-4.4351443164910321e-06
0.20000000000000001,-6.3623156407253906e-06,0.00080000000000000004,discharge,-2.2823633908867121e-06,-4.0799522498386785e-06
0.19500000000000001,-5.9138230328696019e-06,0.00080000000000000004,discharge,-2.1671736035191319e-06,-3.7466494293504704e-06
0.19,-5.4899532213011723e-06,0.00080000000000000004,discharge,-2.0551844639667317e-06,-3.4347687573344401e-06
0.185,-5.0900991227625801e-06,0.00080000000000000004,discharge,-1.9463796075386976e-06,-3.1437195152238829e-06
0.17999999999999999,-4.7135461732540831e-06,0.00080000000000000004,discharge,-1.8407402533155738e-06,-2.8728059199385094e-06
0.17500000000000002,-4.3594911440210068e-06,0.00080000000000000004,discharge,-1.7382457518933893e-06,-2.6212453921276177e-06
0.17000000000000001,-4.0270603618429702e-06,0.00080000000000000004,discharge,-1.6388740942953233e-06,-2.3881862675476467e-06
0.16500000000000001,-3.7153270978917886e-06,0.00080000000000000004,discharge,-1.5426023805243666e-06,-2.1727247173674219e-06
0.16,-3.4233279262585549e-06,0.00080000000000000004,discharge,-1.4494072466951829e-06,-1.9739206795633722e-06
0.155,-3.1500778908758335e-06,0.00080000000000000004,discharge,-1.3592652501271403e-06,-1.790812640748693e-06
0.14999999999999999,-2.8945843570298377e-06,0.00080000000000000004,discharge,-1.2721532122001691e-06,-1.6224311448296688e-06
0.14499999999999999,-2.655859460111078e-06,0.00080000000000000004,discharge,-1.1880485191676965e-06,-1.4678109409433815e-06
0.14000000000000001,-2.4329310989386713e-06,0.00080000000000000004,discharge,-1.1069293814842037e-06,-1.3260017174544676e-06
0.13500000000000001,-2.2248524532789524e-06,0.00080000000000000004,discharge,-1.0287750525370946e-06,-1.196077400741858e-06
0.13,-2.0307100345529944e-06,0.00080000000000000004,discharge,-9.5356600797226751e-07,-1.0771440265807269e-06
0.125,-1.8496303048059809e-06,0.00080000000000000004,discharge,-8.8128408706910711e-07,-9.6834621773687372e-07
0.12,-1.6807849215345802e-06,0.00080000000000000004,discharge,-8.1191259785329746e-07,-8.6887232368128271e-07
0.115,-1.523394684795248e-06,0.00080000000000000004,discharge,-7.454363878347649e-07,-7.7795829696048308e-07
0.11,-1.3767322781160777e-06,0.00080000000000000004,discharge,-6.8184188242370162e-07,-6.9489039569237596e-07
0.105,-1.240123906175831e-06,0.00080000000000000004,discharge,-6.2111709321075443e-07,-6.1900681296507658e-07
0.10000000000000001,-1.1129499401506421e-06,0.00080000000000000004,discharge,-5.6325159839909613e-07,-5.496983417515461e-07
0.095000000000000001,-9.9464468628887156e-07,0.00080000000000000004,discharge,-5.0823649774772628e-07,-4.8640818854114528e-07
0.089999999999999997,-8.8469539494213346e-07,0.00080000000000000004,discharge,-4.5606434442846304e-07,-4.2863105051367042e-07
0.085000000000000006,-7.8264062628333053e-07,0.00080000000000000004,discharge,-4.0672905621559403e-07,-3.7591157006773644e-07
0.080000000000000002,-6.8806808563668394e-07,0.00080000000000000004,discharge,-3.6022580841899001e-07,-3.2784227721769388e-07
0.074999999999999997,-6.0061203610151537e-07,0.00080000000000000004,discharge,-3.1655091094077724e-07,-2.8406112516073813e-07
0.070000000000000007,-5.1995038934497982e-07,0.00080000000000000004,discharge,-2.7570167178461068e-07,-2.4424871756036919e-07
0.065000000000000002,-4.4580156743507572e-07,0.00080000000000000004,discharge,-2.3767624927744487e-07,-2.0812531815763085e-07
0.059999999999999998,-3.7792121973279087e-07,0.00080000000000000004,discharge,-2.0247349517874503e-07,-1.7544772455404587e-07
0.055,-3.160988694850494e-07,0.00080000000000000004,discharge,-1.7009279075357421e-07,-1.4600607873147519e-07
0.050000000000000003,-2.6015455515149858e-07,0.00080000000000000004,discharge,-1.4053387777617915e-07,-1.196206773753194e-07
0.044999999999999998,-2.0993552191666201e-07,0.00080000000000000004,discharge,-1.1379668631174092e-07,-9.6138835604921081e-08
0.040000000000000001,-1.6531300950593723e-07,0.00080000000000000004,discharge,-8.9881160997932152e-08,-7.5431848508005073e-08
0.035000000000000003,-1.2617917352252518e-07,0.00080000000000000004,discharge,-6.878708741683123e-08,-5.7392086105693945e-08
0.029999999999999999,-9.2444169197881357e-08,0.00080000000000000004,discharge,-5.0513920013429852e-08,-4.1930249184451505e-08
0.025000000000000001,-6.4033418809446161e-08,0.00080000000000000004,discharge,-3.5060612881172843e-08,-2.8972805928273321e-08
0.02,-4.0885077140817176e-08,0.00080000000000000004,discharge,-2.242545459927128e-08,-1.8459622541545892e-08
0.014999999999999999,-2.2947703284586582e-08,0.00080000000000000004,discharge,-1.2605908172372359e-08,-1.0341795112214222e-08
0.01,-1.0178141832533497e-08,0.00080000000000000004,discharge,-5.598456991830684e-09,-4.5796848407028133e-09
0.0050000000000000001,-2.5396120536830708e-09,0.00080000000000000004,discharge,-1.3984576104379467e-09,-1.1411544432451241e-09
0,-0,0.00080000000000000004,discharge,-0,-0
1,-0,0.001,discharge,-0,-0
0.995,-2.9963865696746575e-09,0.001,discharge,-1.7480720130474415e-09,-1.248314556627216e-09
0.98999999999999999,-1.1990097597888292e-08,0.001,discharge,-6.9980712397883284e-09,-4.9920263580999637e-09
0.98499999999999999,-2.6984826177543318e-08,0.001,discharge,-1.5757385215465647e-08,-1.122744096207767e-08
0.97999999999999998,-4.7980223255835236e-08,0.001,discharge,-2.8031818249089286e-08,-1.9948405006745947e-08
0.97499999999999998,-7.4972078429368581e-08,0.001,discharge,-4.3825766101466199e-08,-3.1146312327902382e-08
0.96999999999999997,-1.0795251253234035e-07,0.001,discharge,-6.3142400016787365e-08,-4.4810112515552987e-08
0.96499999999999997,-1.4691018117973706e-07,0.001,discharge,-8.59838592710396e-08,-6.0926321908697461e-08
0.95999999999999996,-1.9183048827438829e-07,0.001,discharge,-1.123514512474157e-07,-7.9479037026972595e-08
0.95500000000000007,-2.4269580832823518e-07,0.001,discharge,-1.4224585788967563e-07,-1.0044995043855952e-07
0.95000000000000007,-2.9948571628562302e-07,0.001,discharge,-1.7566734722022419e-07,-1.238183690653988e-07
0.94500000000000006,-3.6217722337153355e-07,0.001,discharge,-2.1261598844196785e-07,-1.4956123492956569e-07
0.94000000000000006,-4.3074501732237999e-07,0.001,discharge,-2.5309186897343128e-07,-1.7765314834894871e-07
0.93500000000000005,-5.0516170519320953e-07,0.001,discharge,-2.9709531159680567e-07,-2.0806639359640389e-07
0.93000000000000005,-5.8539805677565886e-07,0.001,discharge,-3.4462708973076255e-07,-2.4077096704489631e-07
0.92500000000000004,-6.7142324650814362e-07,0.001,discharge,-3.956886386759721e-07,-2.7573460783217157e-07
0.92000000000000004,-7.6320509161663543e-07,0.001,discharge,-4.502822605237376e-07,-3.1292283109289783e-07
0.91500000000000004,-8.6071028409419833e-07,0.001,discharge,-5.0841132026949206e-07,-3.5229896382470627e-07
0.91000000000000003,-9.6390461401347693e-07,0.001,discharge,-5.700804305355782e-07,-3.9382418347789884e-07
0.90500000000000003,-1.0727531815725496e-06,0.001,discharge,-6.3529562218465877e-07,-4.3745755938789078e-07
0.90000000000000002,-1.1872205952045768e-06,0.001,discharge,-7.0406449799887072e-07,-4.8315609720570616e-07
0.89500000000000002,-1.3072711530398985e-06,0.001,discharge,-7.7639636651344336e-07,-5.308747865264551e-07
0.89000000000000001,-1.432869004999654e-06,0.001,discharge,-8.5230235302962671e-07,-5.8056665197002715e-07
0.88500000000000001,-1.5639782928274985e-06,0.001,discharge,-9.3179548479345753e-07,-6.3218280803404083e-07
0.88,-1.7005632654346498e-06,0.001,discharge,-1.0148907473166233e-06,-6.8567251811802663e-07
0.875,-1.8425883670484712e-06,0.001,discharge,-1.1016051088363845e-06,-7.4098325821208659e-07
0.87,-1.9900182958201354e-06,0.001,discharge,-1.1919575099653343e-06,-7.9806078585480096e-07
0.86499999999999999,-2.142818030767882e-06,0.001,discharge,-1.2859688156713677e-06,-8.5684921509651412e-07
0.85999999999999999,-2.300952825212742e-06,0.001,discharge,-1.3836617268552558e-06,-9.1729109835748622e-07
0.85499999999999998,-2.4643881652079998e-06,0.001,discharge,-1.485060648959622e-06,-9.7932751624837776e-07
0.84999999999999998,-2.6330896918758035e-06,0.001,discharge,-1.5901915152502121e-06,-1.0428981766255914e-06
0.84499999999999997,-2.8070230870473025e-06,0.001,discharge,-1.6990815626589251e-06,-1.1079415243883776e-06
0.83999999999999997,-2.9861539221596901e-06,0.001,discharge,-1.8117590583689808e-06,-1.1743948637907093e-06
0.83499999999999996,-3.1704474709958429e-06,0.001,discharge,-1.9282529756554595e-06,-1.2421944953403836e-06
0.83000000000000007,-3.3598684875612766e-06,0.001,discharge,-2.0485926178691519e-06,-1.3112758696921249e-06
0.82500000000000007,-3.5543809511779369e-06,0.001,discharge,-2.172807189866737e-06,-1.3815737613111999e-06
0.82000000000000006,-3.7539477817335781e-06,0.001,discharge,-2.3009253166444673e-06,-1.453022465089111e-06
0.81500000000000006,-3.9585305289553414e-06,0.001,discharge,-2.4329745094233712e-06,-1.5255560195319704e-06
0.81000000000000005,-4.1680890405706597e-06,0.001,discharge,-2.5689805799584138e-06,-1.5991084606122458e-06
0.80500000000000005,-4.3825811152704851e-06,0.001,discharge,-2.7089670043989123e-06,-1.6736141108715733e-06
0.80000000000000004,-4.6019621474879758e-06,0.001,discharge,-2.8529542386083914e-06,-1.7490079088795846e-06
0.79500000000000004,-4.8261847721366957e-06,0.001,discharge,-3.0009589874541978e-06,-1.8252257846824981e-06
0.79000000000000004,-5.055198518599786e-06,0.001,discharge,-3.1529934311954919e-06,-1.9022050874042942e-06
0.78500000000000003,-5.2889494844042099e-06,0.001,discharge,-3.3090644127262379e-06,-1.979885071677972e-06
0.78000000000000003,-5.5273800401292837e-06,0.001,discharge,-3.4691725900617725e-06,-2.0582074500675112e-06
0.77500000000000002,-5.7704285781570204e-06,0.001,discharge,-3.6333115590858558e-06,-2.1371170190711646e-06
0.77000000000000002,-6.0180293188421766e-06,0.001,discharge,-3.8014669521929464e-06,-2.2165623666492297e-06
0.76500000000000001,-6.2701121885255112e-06,0.001,discharge,-3.9736155190598425e-06,-2.2964966694656687e-06
0.76000000000000001,-6.5266027844949157e-06,0.001,discharge,-4.1497241963540788e-06,-2.3768785881408373e-06
0.755,-6.7874224424714724e-06,0.001,discharge,-4.3297491737253878e-06,-2.4576732687460846e-06
0.75,-7.0524884224140674e-06,0.001,discharge,-4.513634963923001e-06,-2.5388534584910664e-06
0.745,-7.3217142283466127e-06,0.001,discharge,-4.7013134853274256e-06,-2.6204007430191876e-06
0.73999999999999999,-7.5950100774646562e-06,0.001,discharge,-4.8927031655728468e-06,-2.7023069118918094e-06
0.73499999999999999,-7.8722835329198701e-06,0.001,discharge,-5.087708075257555e-06,-2.7845754576623148e-06
0.72999999999999998,-8.1534403133593492e-06,0.001,discharge,-5.2862171009875058e-06,-2.8672232123718443e-06
0.72499999999999998,-8.4383852904617898e-06,0.001,discharge,-5.4881031671658721e-06,-2.9502821232959169e-06
0.71999999999999997,-8.7270236833168209e-06,0.001,discharge,-5.6932225160222709e-06,-3.03380116729455e-06
0.71499999999999997,-9.0192624554979673e-06,0.001,discharge,-5.9014140553648194e-06,-3.1178484001331471e-06
0.70999999999999996,-9.3150119170497984e-06,0.001,discharge,-6.1124987834306924e-06,-3.2025131336191065e-06
0.70499999999999996,-9.6141875293257657e-06,0.001,discharge,-6.3262793000036073e-06,-3.2879082293221584e-06
0.70000000000000007,-9.9167119056652908e-06,0.001,discharge,-6.5425394126562513e-06,-3.3741724930090394e-06
0.69500000000000006,-1.0222516995296394e-05,0.001,discharge,-6.7610438465613518e-06,-3.4614731487350423e-06
0.69000000000000006,-1.0531546431618928e-05,0.001,discharge,-6.9815380657958623e-06,-3.5500083658230654e-06
0.68500000000000005,-1.0843758019213085e-05,0.001,discharge,-7.2037482134401891e-06,-3.6400098057728962e-06
0.68000000000000005,-1.1159126326599703e-05,0.001,discharge,-7.4273811770501554e-06,-3.7317451495495482e-06
0.67500000000000004,-1.1477645344052264e-05,0.001,discharge,-7.652124785257606e-06,-3.8255205587946587e-06
0.67000000000000004,-1.1799331157751249e-05,0.001,discharge,-7.8776481403406812e-06,-3.9216830174105668e-06
0.66500000000000004,-1.2124224583434939e-05,0.001,discharge,-8.1036020906034487e-06,-4.0206224928314907e-06
0.66000000000000003,-1.2452393694620353e-05,0.001,discharge,-8.3296198453237815e-06,-4.1227738492965717e-06
0.65500000000000003,-1.2783936172656594e-05,0.001,discharge,-8.5553177338776251e-06,-4.2286184387789686e-06
0.65000000000000002,-1.3118981398568591e-05,0.001,discharge,-8.7802961094362404e-06,-4.3386852891323497e-06
0.64500000000000002,-1.3457692200114915e-05,0.001,discharge,-9.0041403963724153e-06,-4.4535518037425004e-06
0.64000000000000001,-1.3800266162000634e-05,0.001,discharge,-9.2264222792135221e-06,-4.573843882787112e-06
0.63500000000000001,-1.4146936403051402e-05,0.001,discharge,-9.4467010296568613e-06,-4.700235373394541e-06
0.63,-1.4497971721671414e-05,0.001,discharge,-9.664524966829555e-06,-4.8334467548418594e-06
0.625,-1.4853676010378174e-05,0.001,discharge,-9.879433044645483e-06,-4.9742429657326899e-06
0.62,-1.5214386841924039e-05,0.001,discharge,-1.00909565588e-05,-5.1234302831240384e-06
0.61499999999999999,-1.5580473133750653e-05,0.001,discharge,-1.0298620964664344e-05,-5.2818521690863074e-06
0.60999999999999999,-1.595233180451884e-05,0.001,discharge,-1.050194779611065e-05,-5.4503840084081902e-06
0.60499999999999998,-1.6330383346411226e-05,0.001,discharge,-1.0700456674129962e-05,-5.6299266722812635e-06
0.59999999999999998,-1.6715066249960079e-05,0.001,discharge,-1.089366739301393e-05,-5.821398856946151e-06
0.59499999999999997,-1.7106830234385413e-05,0.001,discharge,-1.1081102070870086e-05,-6.0257281635153259e-06
0.58999999999999997,-1.750612825583475e-05,0.001,discharge,-1.1262287350343552e-05,-6.2438409054911968e-06
0.58499999999999996,-1.7913407288406339e-05,0.001,discharge,-1.14367566346371e-05,-6.4766506537692395e-06
0.57999999999999996,-1.8329097898223338e-05,0.001,discharge,-1.1604052343267593e-05,-6.7250455549557461e-06
0.57500000000000007,-1.8753602658817481e-05,0.001,discharge,-1.1763728171480154e-05,-6.9898744873373284e-06
0.57000000000000006,-1.9187283486276985e-05,0.001,discharge,-1.1915351336869652e-05,-7.2719321494073333e-06
0.56500000000000006,-1.9630448004509243e-05,0.001,discharge,-1.205850479654004e-05,-7.5719432079692031e-06
0.56000000000000005,-2.0083335083950832e-05,0.001,discharge,-1.2192789418070004e-05,-7.8905456658808296e-06
0.55500000000000005,-2.0546099730412841e-05,0.001,discharge,-1.2317826087652186e-05,-8.2282736427606554e-06
0.55000000000000004,-2.1018797533678253e-05,0.001,discharge,-1.2433257739034338e-05,-8.5855397946439148e-06
0.54500000000000004,-2.1501368917092475e-05,0.001,discharge,-1.2538751287313747e-05,-8.9626176297787298e-06
0.54000000000000004,-2.1993623458775943e-05,0.001,discharge,-1.2633999452218888e-05,-9.3596240065570565e-06
0.53500000000000003,-2.249522458127181e-05,0.001,discharge,-1.2718722456250474e-05,-9.7765021250213354e-06
0.53000000000000003,-2.3005674928445171e-05,0.001,discharge,-1.2792669583941331e-05,-1.0213005344503838e-05
0.52500000000000002,-2.352430276531791e-05,0.001,discharge,-1.2855620589523765e-05,-1.0668682175794144e-05
0.52000000000000002,-2.4050249747347127e-05,0.001,discharge,-1.2907386941453603e-05,-1.1142862805893523e-05
0.51500000000000001,-2.4582460409612764e-05,0.001,discharge,-1.29478128935216e-05,-1.1634647516091165e-05
0.51000000000000001,-2.5119673722759996e-05,0.001,discharge,-1.2976776373671822e-05,-1.2142897349088172e-05
0.505,-2.5660417050781176e-05,0.001,discharge,-1.2994189683129283e-05,-1.2666227367651892e-05
0.5,-2.6203002825431159e-05,0.001,discharge,-1.3000000000000001e-05,-1.320300282543116e-05
0.495,-2.6745528223060617e-05,0.001,discharge,-1.2994189683129283e-05,-1.3751338539931336e-05
0.48999999999999999,-2.7285878091961743e-05,0.001,discharge,-1.2976776373671822e-05,-1.430910171828992e-05
0.48499999999999999,-2.7821731332223296e-05,0.001,discharge,-1.29478128935216e-05,-1.4873918438701697e-05
0.47999999999999998,-2.8350570876114706e-05,0.001,discharge,-1.2907386941453603e-05,-1.5443183934661103e-05
0.47500000000000003,-2.8869697355938533e-05,0.001,discharge,-1.2855620589523765e-05,-1.6014076766414768e-05
0.47000000000000003,-2.9376246479133949e-05,0.001,discharge,-1.2792669583941333e-05,-1.6583576895192617e-05
0.46500000000000002,-2.9867210058438665e-05,0.001,discharge,-1.2718722456250474e-05,-1.7148487602188189e-05
0.46000000000000002,-3.0339460569595647e-05,0.001,discharge,-1.2633999452218893e-05,-1.7705461117376752e-05
0.45500000000000002,-3.0789779032074939e-05,0.001,discharge,-1.2538751287313747e-05,-1.8251027744761189e-05
0.45000000000000001,-3.1214885931367394e-05,0.001,discharge,-1.2433257739034343e-05,-1.878162819233305e-05
0.44500000000000001,-3.1611474826490077e-05,0.001,discharge,-1.2317826087652191e-05,-1.9293648738837884e-05
0.44,-3.1976248215366813e-05,0.001,discharge,-1.2192789418070005e-05,-1.9783458797296809e-05
0.435,-3.2305955165648151e-05,0.001,discharge,-1.205850479654004e-05,-2.0247450369108114e-05
0.42999999999999999,-3.2597430161185812e-05,0.001,discharge,-1.191535133686965e-05,-2.0682078824316164e-05
0.42499999999999999,-3.2847632566530372e-05,0.001,discharge,-1.1763728171480154e-05,-2.1083904395050214e-05
0.41999999999999998,-3.3053686075047438e-05,0.001,discharge,-1.160405234326759e-05,-2.144963373177985e-05
0.41500000000000004,-3.3212917481889256e-05,0.001,discharge,-1.1436756634637096e-05,-2.1776160847252157e-05
0.41000000000000003,-3.3322894112171458e-05,0.001,discharge,-1.1262287350343552e-05,-2.2060606761827907e-05
0.40500000000000003,-3.3381459238027066e-05,0.001,discharge,-1.1081102070870083e-05,-2.2300357167156982e-05
0.40000000000000002,-3.3386764836119021e-05,0.001,discharge,-1.0893667393013928e-05,-2.2493097443105095e-05
0.39500000000000002,-3.3337301069692935e-05,0.001,discharge,-1.0700456674129958e-05,-2.2636844395562974e-05
0.39000000000000001,-3.3231921925954043e-05,0.001,discharge,-1.050194779611065e-05,-2.2729974129843391e-05
0.38500000000000001,-3.3069866499680979e-05,0.001,discharge,-1.0298620964664344e-05,-2.2771245535016634e-05
0.38,-3.2850775486390719e-05,0.001,discharge,-1.00909565588e-05,-2.2759818927590722e-05
0.375,-3.257470253154151e-05,0.001,discharge,-9.879433044645483e-06,-2.2695269486896027e-05
0.37,-3.2242120174385424e-05,0.001,discharge,-9.6645249668295516e-06,-2.2577595207555871e-05
0.36499999999999999,-3.1853920224077109e-05,0.001,discharge,-9.4467010296568579e-06,-2.2407219194420248e-05
0.35999999999999999,-3.1411408509214128e-05,0.001,discharge,-9.2264222792135238e-06,-2.2184986230000603e-05
0.35499999999999998,-3.0916294047688881e-05,0.001,discharge,-9.0041403963724136e-06,-2.1912153651316469e-05
0.35000000000000003,-3.0370672789054234e-05,0.001,discharge,-8.7802961094362387e-06,-2.1590376679617993e-05
0.34500000000000003,-2.9777006184021736e-05,0.001,discharge,-8.5553177338776268e-06,-2.1221688450144111e-05
0.34000000000000002,-2.9138094932771589e-05,0.001,discharge,-8.3296198453237865e-06,-2.0808475087447804e-05
0.33500000000000002,-2.8457048353138512e-05,0.001,discharge,-8.1036020906034504e-06,-2.035344626253506e-05
0.33000000000000002,-2.7737249889342416e-05,0.001,discharge,-7.8776481403406829e-06,-1.9859601749001733e-05
0.32500000000000001,-2.6982319349911289e-05,0.001,discharge,-7.652124785257606e-06,-1.9330194564653684e-05
0.32000000000000001,-2.6196072518272682e-05,0.001,discharge,-7.4273811770501588e-06,-1.8768691341222524e-05
0.315,-2.5382478820002736e-05,0.001,discharge,-7.2037482134401908e-06,-1.8178730606562545e-05
0.31,-2.4545617756141536e-05,0.001,discharge,-6.9815380657958632e-06,-1.7564079690345672e-05
0.30499999999999999,-2.3689634821940166e-05,0.001,discharge,-6.7610438465613518e-06,-1.6928590975378813e-05
0.29999999999999999,-2.2818697624939781e-05,0.001,discharge,-6.542539412656253e-06,-1.6276158212283526e-05
0.29499999999999998,-2.1936952895839154e-05,0.001,discharge,-6.3262793000036013e-06,-1.5610673595835554e-05
0.28999999999999998,-2.1048485051012162e-05,0.001,discharge,-6.1124987834306881e-06,-1.4935986267581475e-05
0.28500000000000003,-2.015727691796464e-05,0.001,discharge,-5.901414055364816e-06,-1.4255862862599823e-05
0.28000000000000003,-1.9267173175957919e-05,0.001,discharge,-5.6932225160222709e-06,-1.3573950659935649e-05
0.27500000000000002,-1.8381846995212295e-05,0.001,discharge,-5.4881031671658721e-06,-1.2893743828046422e-05
0.27000000000000002,-1.7504770281481429e-05,0.001,discharge,-5.286217100987505e-06,-1.2218553180493924e-05
0.26500000000000001,-1.6639187850436935e-05,0.001,discharge,-5.0877080752575516e-06,-1.1551479775179383e-05
0.26000000000000001,-1.5788095770373916e-05,0.001,discharge,-4.8927031655728485e-06,-1.0895392604801069e-05
0.255,-1.4954224024409015e-05,0.001,discharge,-4.7013134853274256e-06,-1.025291053908159e-05
0.25,-1.4140023556703155e-05,0.001,discharge,-4.5136349639229993e-06,-9.6263885927801554e-06
0.245,-1.33476576833055e-05,0.001,discharge,-4.3297491737253869e-06,-9.0179085095801125e-06
0.23999999999999999,-1.2578997768823867e-05,0.001,discharge,-4.1497241963540762e-06,-8.4292735724697909e-06
0.23500000000000001,-1.1835622996915521e-05,0.001,discharge,-3.9736155190598425e-06,-7.862007477855678e-06
0.23000000000000001,-1.1118823996952113e-05,0.001,discharge,-3.8014669521929464e-06,-7.317357044759166e-06
0.22500000000000001,-1.04296100322674e-05,0.001,discharge,-3.633311559085855e-06,-6.7962984731815449e-06
0.22,-9.7687194079807125e-06,0.001,discharge,-3.4691725900617704e-06,-6.2995468179189413e-06
0.215,-9.1366327190446959e-06,0.001,discharge,-3.3090644127262379e-06,-5.8275683063184581e-06
0.20999999999999999,-8.5335885321403138e-06,0.001,discharge,-3.1529934311954919e-06,-5.3805951009448214e-06
0.20500000000000002,-7.9596010783020908e-06,0.001,discharge,-3.0009589874541978e-06,-4.9586420908478938e-06
0.20000000000000001,-7.4144795264046348e-06,0.001,discharge,-2.8529542386083902e-06,-4.5615252877962451e-06
0.19500000000000001,-6.8978484103431376e-06,0.001,discharge,-2.7089670043989148e-06,-4.1888814059442232e-06
0.19,-6.4091687941545586e-06,0.001,discharge,-2.5689805799584147e-06,-3.8401882141961439e-06
0.185,-5.9477597785400153e-06,0.001,discharge,-2.4329745094233721e-06,-3.5147852691166432e-06
0.17999999999999999,-5.5128199782176301e-06,0.001,discharge,-2.3009253166444673e-06,-3.2118946615731623e-06
0.17500000000000002,-5.1034486311194588e-06,0.001,discharge,-2.1728071898667365e-06,-2.9306414412527227e-06
0.17000000000000001,-4.7186660364531731e-06,0.001,discharge,-2.048592617869154e-06,-2.670073418584019e-06
0.16500000000000001,-4.3574330578692446e-06,0.001,discharge,-1.9282529756554583e-06,-2.4291800822137864e-06
0.16,-4.0186694692171185e-06,0.001,discharge,-1.8117590583689784e-06,-2.2069104108481399e-06
0.155,-3.7012709624989184e-06,0.001,discharge,-1.6990815626589251e-06,-2.0021893998399935e-06
0.14999999999999999,-3.404124679576184e-06,0.001,discharge,-1.5901915152502113e-06,-1.8139331643259727e-06
0.14499999999999999,-3.1261231699932856e-06,0.001,discharge,-1.4850606489596205e-06,-1.6410625210336651e-06
0.14000000000000001,-2.8661767161100838e-06,0.001,discharge,-1.3836617268552545e-06,-1.4825149892548293e-06
0.13500000000000001,-2.6232240028763938e-06,0.001,discharge,-1.2859688156713684e-06,-1.3372551872050257e-06
0.13,-2.3962411424615072e-06,0.001,discharge,-1.1919575099653343e-06,-1.2042836324961728e-06
0.125,-2.1842490931436147e-06,0.001,discharge,-1.1016051088363837e-06,-1.082643984307231e-06
0.12,-1.986319537076396e-06,0.001,discharge,-1.0148907473166218e-06,-9.7142878975977422e-07
0.115,-1.8015793026252602e-06,0.001,discharge,-9.3179548479345604e-07,-8.6978381783180411e-07
0.11,-1.6292134338695669e-06,0.001,discharge,-8.5230235302962703e-07,-7.7691108083993977e-07
0.105,-1.4684670226761477e-06,0.001,discharge,-7.7639636651344304e-07,-6.9207065616270463e-07
0.10000000000000001,-1.3186459276365542e-06,0.001,discharge,-7.0406449799887019e-07,-6.1458142963768397e-07
0.095000000000000001,-1.1791165093799253e-06,0.001,discharge,-6.3529562218465782e-07,-5.4382088719526751e-07
0.089999999999999997,-1.0493045136434355e-06,0.001,discharge,-5.7008043053557883e-07,-4.7922408310785664e-07
0.085000000000000006,-9.2869323236955943e-07,0.001,discharge,-5.0841132026949249e-07,-4.2028191210006694e-07
0.080000000000000002,-8.1682106940228458e-07,0.001,discharge,-4.5028226052373749e-07,-3.6653880887854704e-07
0.074999999999999997,-7.1327863148821465e-07,0.001,discharge,-3.9568863867597152e-07,-3.1758999281224313e-07
0.070000000000000007,-6.1770545767182929e-07,0.001,discharge,-3.4462708973076334e-07,-2.7307836794106601e-07
0.065000000000000002,-5.2978649121642307e-07,0.001,discharge,-2.9709531159680609e-07,-2.3269117961961693e-07
0.059999999999999998,-4.4924838827368403e-07,0.001,discharge,-2.5309186897343128e-07,-1.9615651930025275e-07
0.055,-3.7585574702785014e-07,0.001,discharge,-2.1261598844196775e-07,-1.6323975858588239e-07
0.050000000000000003,-3.094073302831166e-07,0.001,discharge,-1.7566734722022393e-07,-1.3373998306289264e-07
0.044999999999999998,-2.4973234373481646e-07,0.001,discharge,-1.4224585788967616e-07,-1.0748648584514032e-07
0.040000000000000001,-1.9668682171359789e-07,0.001,discharge,-1.1235145124741519e-07,-8.4335370466182714e-08
0.035000000000000003,-1.5015016222246543e-07,0.001,discharge,-8.5983859271039031e-08,-6.4166302951426414e-08
0.029999999999999999,-1.1002184376175665e-07,0.001,discharge,-6.3142400016787312e-08,-4.687944374496934e-08
0.025000000000000001,-7.6218347878730074e-08,0.001,discharge,-4.3825766101466053e-08,-3.2392581777264014e-08
0.02,-4.8670303670031118e-08,0.001,discharge,-2.8031818249089097e-08,-2.0638485420942025e-08
0.014999999999999999,-2.7319863655608479e-08,0.001,discharge,-1.5757385215465449e-08,-1.1562478440143032e-08
0.01,-1.2118314549456747e-08,0.001,discharge,-6.998071239788354e-09,-5.1202433096683934e-09
0.0050000000000000001,-3.0239214670084448e-09,0.001,discharge,-1.7480720130474333e-09,-1.2758494539610116e-09
0,-0,0.001,discharge,-0,-0
1,-0,0.002,discharge,-0,-0
0.995,-5.2615274021848488e-09,0.002,discharge,-3.4961440260948831e-09,-1.765383376089966e-09
0.98999999999999999,-2.1055933858925596e-08,0.002,discharge,-1.3996142479576657e-08,-7.0597913793489386e-09
0.98499999999999999,-4.7392769710244765e-08,0.002,discharge,-3.1514770430931295e-08,-1.5877999279313473e-08
0.97999999999999998,-8.4274941406430049e-08,0.002,discharge,-5.6063636498178571e-08,-2.8211304908251471e-08
0.97499999999999998,-1.3169906951496028e-07,0.002,discharge,-8.7651532202932398e-08,-4.4047537312027879e-08
0.96999999999999997,-1.8965586888453413e-07,0.002,discharge,-1.2628480003357473e-07,-6.3371068850959409e-08
0.96499999999999997,-2.5813054929086818e-07,0.002,discharge,-1.719677185420792e-07,-8.6162830748788991e-08
0.95999999999999996,-3.3710323458272944e-07,0.002,discharge,-2.2470290249483139e-07,-1.1240033208789804e-07
0.95500000000000007,-4.2654939802926738e-07,0.002,discharge,-2.8449171577935126e-07,-1.4205768224991612e-07
0.95000000000000007,-5.2644031124365269e-07,0.002,discharge,-3.5133469444044839e-07,-1.7510561680320428e-07
0.94500000000000006,-6.3674350372659622e-07,0.002,discharge,-4.2523197688393571e-07,-2.1151152684266051e-07
0.94000000000000006,-7.574232297402253e-07,0.002,discharge,-5.0618373794686256e-07,-2.5123949179336269e-07
0.93500000000000005,-8.8844093889170429e-07,0.002,discharge,-5.9419062319361134e-07,-2.9425031569809291e-07
0.93000000000000005,-1.029755746482103e-06,0.002,discharge,-6.8925417946152509e-07,-3.405015670205779e-07
0.92500000000000004,-1.181324899363828e-06,0.002,discharge,-7.9137727735194421e-07,-3.8994762201188368e-07
0.92000000000000004,-1.3431042327552366e-06,0.002,discharge,-9.0056452104747519e-07,-4.4253971170776136e-07
0.91500000000000004,-1.5150486131898721e-06,0.002,discharge,-1.0168226405389841e-06,-4.982259726508881e-07
0.91000000000000003,-1.6971123625361113e-06,0.002,discharge,-1.1401608610711564e-06,-5.5695150146495477e-07
0.90500000000000003,-1.8892496578183063e-06,0.002,discharge,-1.2705912443693175e-06,-6.1865841344898879e-07
0.90000000000000002,-2.0914149014093047e-06,0.002,discharge,-1.4081289959977414e-06,-6.8328590541156324e-07
0.89500000000000002,-2.3035630560545211e-06,0.002,discharge,-1.5527927330268867e-06,-7.5077032302763445e-07
0.89000000000000001,-2.5256499391368064e-06,0.002,discharge,-1.7046047060592534e-06,-8.210452330775531e-07
0.88500000000000001,-2.7576324706077626e-06,0.002,discharge,-1.8635909695869151e-06,-8.9404150102084751e-07
0.88,-2.9994688691022719e-06,0.002,discharge,-2.0297814946332465e-06,-9.6968737446902517e-07
0.875,-3.2511187909277072e-06,0.002,discharge,-2.2032102176727691e-06,-1.0479085732549381e-06
0.87,-3.5125434068846585e-06,0.002,discharge,-2.3839150199306687e-06,-1.1286283869539898e-06
0.86499999999999999,-3.7837054122409669e-06,0.002,discharge,-2.5719376313427355e-06,-1.2117677808982316e-06
0.85999999999999999,-4.0645689656517817e-06,0.002,discharge,-2.7673234537105116e-06,-1.2972455119412699e-06
0.85499999999999998,-4.3550995534028578e-06,0.002,discharge,-2.970121297919244e-06,-1.3849782554836135e-06
0.84999999999999998,-4.6552637760585071e-06,0.002,discharge,-3.1803830305004242e-06,-1.4748807455580831e-06
0.84499999999999997,-4.9650290554242152e-06,0.002,discharge,-3.3981631253178503e-06,-1.566865930106365e-06
0.83999999999999997,-5.2843632606920859e-06,0.002,discharge,-3.6235181167379616e-06,-1.6608451439541248e-06
0.83499999999999996,-5.6132342537264921e-06,0.002,discharge,-3.856505951310919e-06,-1.7567283024155728e-06
0.83000000000000007,-5.9516093546694819e-06,0.002,discharge,-4.0971852357383038e-06,-1.8544241189311785e-06
0.82500000000000007,-6.2994547303985827e-06,0.002,discharge,-4.3456143797334739e-06,-1.9538403506651084e-06
0.82000000000000006,-6.6567347098507427e-06,0.002,discharge,-4.6018506332889347e-06,-2.054884076561808e-06
0.81500000000000006,-7.0234110318287695e-06,0.002,discharge,-4.8659490188467424e-06,-2.1574620129820271e-06
0.81000000000000005,-7.3994420326202279e-06,0.002,discharge,-5.1379611599168276e-06,-2.2614808727034002e-06
0.80500000000000005,-7.7847817825713921e-06,0.002,discharge,-5.4179340087978245e-06,-2.366847773773568e-06
0.80000000000000004,-8.1793791826520985e-06,0.002,discharge,-5.7059084772167829e-06,-2.4734707054353153e-06
0.79500000000000004,-8.5831770339994585e-06,0.002,discharge,-6.0019179749083957e-06,-2.5812590590910637e-06
0.79000000000000004,-8.9961110954132355e-06,0.002,discharge,-6.3059868623909839e-06,-2.6901242330222516e-06
0.78500000000000003,-9.4181091457594914e-06,0.002,discharge,-6.6181288254524757e-06,-2.7999803203070156e-06
0.78000000000000003,-9.8490900701863642e-06,0.002,discharge,-6.938345180123545e-06,-2.9107448900628197e-06
0.77500000000000002,-1.0288962990920513e-05,0.002,discharge,-7.2666231181717116e-06,-3.0223398727488018e-06
0.77000000000000002,-1.0737626465147038e-05,0.002,discharge,-7.6029339043858928e-06,-3.1346925607611459e-06
0.76500000000000001,-1.1194967774022677e-05,0.002,discharge,-7.947231038119685e-06,-3.247736735902992e-06
0.76000000000000001,-1.1660862328171143e-05,0.002,discharge,-8.2994483927081576e-06,-3.361413935462986e-06
0.755,-1.2135173215993305e-05,0.002,discharge,-8.6594983474507756e-06,-3.4756748685425292e-06
0.75,-1.2617750921721907e-05,0.002,discharge,-9.0272699278460019e-06,-3.5904809938759042e-06
0.745,-1.3108433240285122e-05,0.002,discharge,-9.4026269706548511e-06,-3.7058062696302708e-06
0.73999999999999999,-1.3607045415637648e-05,0.002,discharge,-9.7854063311456936e-06,-3.8216390844919532e-06
0.73499999999999999,-1.4113400528192423e-05,0.002,discharge,-1.017541615051511e-05,-3.9379843776773136e-06
0.72999999999999998,-1.4627300155262227e-05,0.002,discharge,-1.0572434201975012e-05,-4.0548659532872149e-06
0.72499999999999998,-1.5148535325923722e-05,0.002,discharge,-1.0976206334331744e-05,-4.1723289915919783e-06
0.71999999999999997,-1.5676887788375821e-05,0.002,discharge,-1.1386445032044542e-05,-4.2904427563312798e-06
0.71499999999999997,-1.6212131603621193e-05,0.002,discharge,-1.1802828110729639e-05,-4.4093034928915528e-06
0.70999999999999996,-1.6754035074103485e-05,0.002,discharge,-1.2224997566861385e-05,-4.5290375072421006e-06
0.70499999999999996,-1.7302363009752721e-05,0.002,discharge,-1.2652558600007215e-05,-4.6498044097455052e-06
0.70000000000000007,-1.7856879326712125e-05,0.002,discharge,-1.3085078825312503e-05,-4.7718005013996206e-06
0.69500000000000006,-1.8417349965854104e-05,0.002,discharge,-1.3522087693122704e-05,-4.8952622727313993e-06
0.69000000000000006,-1.8983546109076652e-05,0.002,discharge,-1.3963076131591725e-05,-5.0204699774849267e-06
0.68500000000000005,-1.9555247661375462e-05,0.002,discharge,-1.4407496426880378e-05,-5.1477512344950857e-06
0.68000000000000005,-2.0132246955913296e-05,0.002,discharge,-1.4854762354100311e-05,-5.277484601812985e-06
0.67500000000000004,-2.0714352627899718e-05,0.002,discharge,-1.5304249570515212e-05,-5.4101030573845077e-06
0.67000000000000004,-2.130139359123163e-05,0.002,discharge,-1.5755296280681362e-05,-5.5460973105502672e-06
0.66500000000000004,-2.1893223039751516e-05,0.002,discharge,-1.6207204181206897e-05,-5.6860188585446175e-06
0.66000000000000003,-2.2489722382919905e-05,0.002,discharge,-1.6659239690647563e-05,-5.8304826922723429e-06
0.65500000000000003,-2.3090805013977412e-05,0.002,discharge,-1.711063546775525e-05,-5.9801695462221609e-06
0.65000000000000002,-2.3696419797632083e-05,0.002,discharge,-1.7560592218872481e-05,-6.1358275787596027e-06
0.64500000000000002,-2.4306554154328637e-05,0.002,discharge,-1.8008280792744831e-05,-6.2982733615838053e-06
0.64000000000000001,-2.4921236609641796e-05,0.002,discharge,-1.8452844558427044e-05,-6.4683920512147506e-06
0.63500000000000001,-2.5540538670714052e-05,0.002,discharge,-1.8893402059313723e-05,-6.6471366114003291e-06
0.63,-2.6164575887364691e-05,0.002,discharge,-1.932904993365911e-05,-6.8355259537055815e-06
0.625,-2.6793507953969101e-05,0.002,discharge,-1.9758866089290966e-05,-7.0346418646781369e-06
0.62,-2.7427537709867043e-05,0.002,discharge,-2.0181913117600001e-05,-7.2456245922670424e-06
0.61499999999999999,-2.8066908901300294e-05,0.002,discharge,-2.0597241929328688e-05,-7.4696669719716056e-06
0.60999999999999999,-2.8711902577053597e-05,0.002,discharge,-2.10038955922213e-05,-7.7080069848322968e-06
0.60499999999999998,-2.9362832003366113e-05,0.002,discharge,-2.1400913348259923e-05,-7.9619186551061912e-06
0.59999999999999998,-3.002003600150434e-05,0.002,discharge,-2.1787334786027859e-05,-8.2327012154764804e-06
0.59499999999999997,-3.0683870633757069e-05,0.002,discharge,-2.2162204141740173e-05,-8.5216664920168975e-06
0.58999999999999997,-3.1354699190532659e-05,0.002,discharge,-2.2524574700687104e-05,-8.830124489845558e-06
0.58499999999999996,-3.2032880462587232e-05,0.002,discharge,-2.2873513269274199e-05,-9.1593671933130327e-06
0.57999999999999996,-3.2718755317930503e-05,0.002,discharge,-2.3208104686535186e-05,-9.5106506313953149e-06
0.57500000000000007,-3.3412631642238443e-05,0.002,discharge,-2.3527456342960307e-05,-9.8851752992781361e-06
0.57000000000000006,-3.411476774408809e-05,0.002,discharge,-2.3830702673739304e-05,-1.0284065070348783e-05
0.56500000000000006,-3.4825354371308969e-05,0.002,discharge,-2.411700959308008e-05,-1.0708344778228889e-05
0.56000000000000005,-3.554449553135292e-05,0.002,discharge,-2.4385578836140008e-05,-1.1158916695212913e-05
0.55500000000000005,-3.6272188355813566e-05,0.002,discharge,-2.4635652175304372e-05,-1.163653618050919e-05
0.55000000000000004,-3.7008302295948021e-05,0.002,discharge,-2.4866515478068676e-05,-1.2141786817879343e-05
0.54500000000000004,-3.7752557981024775e-05,0.002,discharge,-2.5077502574627494e-05,-1.2675055406397284e-05
0.54000000000000004,-3.8504506113223572e-05,0.002,discharge,-2.5267998904437777e-05,-1.3236507208785797e-05
0.53500000000000003,-3.9263506810275503e-05,0.002,discharge,-2.5437444912500949e-05,-1.3826061897774557e-05
0.53000000000000003,-4.0028709838668893e-05,0.002,discharge,-2.5585339167882662e-05,-1.4443370670786232e-05
0.52500000000000002,-4.0799036204703711e-05,0.002,discharge,-2.571124117904753e-05,-1.508779502565618e-05
0.52000000000000002,-4.1573161586664544e-05,0.002,discharge,-2.5814773882907207e-05,-1.575838770375734e-05
0.51500000000000001,-4.2349502097729764e-05,0.002,discharge,-2.5895625787043199e-05,-1.6453876310686568e-05
0.51000000000000001,-4.3126202864928442e-05,0.002,discharge,-2.5953552747343644e-05,-1.7172650117584798e-05
0.505,-4.3901129893693144e-05,0.002,discharge,-2.5988379366258567e-05,-1.7912750527434574e-05
0.5,-4.4671865659775043e-05,0.002,discharge,-2.6000000000000002e-05,-1.8671865659775041e-05
0.495,-4.5435708830213297e-05,0.002,discharge,-2.5988379366258567e-05,-1.944732946395473e-05
0.48999999999999999,-4.6189678462725408e-05,0.002,discharge,-2.5953552747343644e-05,-2.0236125715381763e-05
0.48499999999999999,-4.6930522968686395e-05,0.002,discharge,-2.5895625787043199e-05,-2.1034897181643193e-05
0.47999999999999998,-4.7654734049527239e-05,0.002,discharge,-2.5814773882907207e-05,-2.1839960166620032e-05
0.47500000000000003,-4.8358565730995172e-05,0.002,discharge,-2.571124117904753e-05,-2.2647324551947646e-05
0.47000000000000003,-4.9038058525721169e-05,0.002,discharge,-2.5585339167882666e-05,-2.3452719357838503e-05
0.46500000000000002,-4.9689068653702364e-05,0.002,discharge,-2.5437444912500949e-05,-2.4251623741201415e-05
0.46000000000000002,-5.0307302144701489e-05,0.002,discharge,-2.5267998904437787e-05,-2.5039303240263698e-05
0.45500000000000002,-5.0888353538516406e-05,0.002,discharge,-2.5077502574627494e-05,-2.5810850963888915e-05
0.45000000000000001,-5.1427748791114963e-05,0.002,discharge,-2.4866515478068686e-05,-2.656123331304628e-05
0.44500000000000001,-5.1920991889431481e-05,0.002,discharge,-2.4635652175304382e-05,-2.7285339714127099e-05
0.44,-5.236361457792648e-05,0.002,discharge,-2.4385578836140011e-05,-2.7978035741786469e-05
0.435,-5.2751228508548906e-05,0.002,discharge,-2.411700959308008e-05,-2.8634218915468825e-05
0.42999999999999999,-5.3079579045156616e-05,0.002,discharge,-2.3830702673739301e-05,-2.9248876371417318e-05
0.42499999999999999,-5.3344599886218028e-05,0.002,discharge,-2.3527456342960307e-05,-2.981714354325772e-05
0.41999999999999998,-5.3542467617953667e-05,0.002,discharge,-2.3208104686535179e-05,-3.0334362931418488e-05
0.41500000000000004,-5.366965527587618e-05,0.002,discharge,-2.2873513269274192e-05,-3.0796142006601988e-05
0.41000000000000003,-5.372298397744374e-05,0.002,discharge,-2.2524574700687104e-05,-3.1198409276756632e-05
0.40500000000000003,-5.3699671693297624e-05,0.002,discharge,-2.2162204141740166e-05,-3.1537467551557461e-05
0.40000000000000002,-5.3597378249846668e-05,0.002,discharge,-2.1787334786027856e-05,-3.1810043463818816e-05
0.39500000000000002,-5.3414245701794462e-05,0.002,discharge,-2.1400913348259916e-05,-3.2013332353534545e-05
0.39000000000000001,-5.314893327903542e-05,0.002,discharge,-2.10038955922213e-05,-3.2145037686814117e-05
0.38500000000000001,-5.2800646197076997e-05,0.002,discharge,-2.0597241929328688e-05,-3.2203404267748309e-05
0.38,-5.2369157722154672e-05,0.002,discharge,-2.0181913117600001e-05,-3.2187244604554671e-05
0.375,-5.1854823999371606e-05,0.002,discharge,-1.9758866089290966e-05,-3.209595791008064e-05
0.37,-5.1258591281954405e-05,0.002,discharge,-1.9329049933659103e-05,-3.1929541348295305e-05
0.36499999999999999,-5.0581995339129567e-05,0.002,discharge,-1.8893402059313716e-05,-3.1688593279815851e-05
0.35999999999999999,-4.9827152965954257e-05,0.002,discharge,-1.8452844558427048e-05,-3.1374308407527213e-05
0.35499999999999998,-4.8996745667239722e-05,0.002,discharge,-1.8008280792744827e-05,-3.0988464874494892e-05
0.35000000000000003,-4.8093995735932037e-05,0.002,discharge,-1.7560592218872477e-05,-3.0533403517059563e-05
0.34500000000000003,-4.7122635090405525e-05,0.002,discharge,-1.7110635467755254e-05,-3.0011999622650271e-05
0.34000000000000002,-4.6086867371618938e-05,0.002,discharge,-1.6659239690647573e-05,-2.9427627680971362e-05
0.33500000000000002,-4.4991323926715966e-05,0.002,discharge,-1.6207204181206901e-05,-2.8784119745509065e-05
0.33000000000000002,-4.3841014417448059e-05,0.002,discharge,-1.5755296280681366e-05,-2.8085718136766694e-05
0.32500000000000001,-4.2641272887159139e-05,0.002,discharge,-1.5304249570515212e-05,-2.7337023316643927e-05
0.32000000000000001,-4.1397700196851689e-05,0.002,discharge,-1.4854762354100318e-05,-2.6542937842751369e-05
0.315,-4.0116103797408013e-05,0.002,discharge,-1.4407496426880382e-05,-2.570860737052763e-05
0.31,-3.880243584028041e-05,0.002,discharge,-1.3963076131591726e-05,-2.4839359708688682e-05
0.30499999999999999,-3.7462730642370209e-05,0.002,discharge,-1.3522087693122704e-05,-2.3940642949247504e-05
0.29999999999999999,-3.6103042512454098e-05,0.002,discharge,-1.3085078825312506e-05,-2.3017963687141591e-05
0.29499999999999998,-3.4729384917017421e-05,0.002,discharge,-1.2652558600007203e-05,-2.2076826317010215e-05
0.28999999999999998,-3.3347671913893405e-05,0.002,discharge,-1.2224997566861376e-05,-2.1122674347032027e-05
0.28500000000000003,-3.1963662714349237e-05,0.002,discharge,-1.1802828110729632e-05,-2.0160834603619607e-05
0.28000000000000003,-3.0582910150308763e-05,0.002,discharge,-1.1386445032044542e-05,-1.919646511826422e-05
0.27500000000000002,-2.9210713725719381e-05,0.002,discharge,-1.0976206334331744e-05,-1.8234507391387639e-05
0.27000000000000002,-2.7852077822406434e-05,0.002,discharge,-1.057243420197501e-05,-1.7279643620431424e-05
0.26500000000000001,-2.6511675514052299e-05,0.002,discharge,-1.0175416150515103e-05,-1.6336259363537196e-05
0.26000000000000001,-2.5193818320234892e-05,0.002,discharge,-9.785406331145697e-06,-1.5408411989089195e-05
0.255,-2.3902432108822078e-05,0.002,discharge,-9.4026269706548511e-06,-1.4499805138167227e-05
0.25,-2.264103923242935e-05,0.002,discharge,-9.0272699278459985e-06,-1.3613769304583351e-05
0.245,-2.1412746865938714e-05,0.002,discharge,-8.6594983474507739e-06,-1.275324851848794e-05
0.23999999999999999,-2.0220241399848041e-05,0.002,discharge,-8.2994483927081525e-06,-1.192079300713989e-05
0.23500000000000001,-1.9065788640781878e-05,0.002,discharge,-7.947231038119685e-06,-1.1118557602662192e-05
0.23000000000000001,-1.7951239477810617e-05,0.002,discharge,-7.6029339043858928e-06,-1.0348305573424725e-05
0.22500000000000001,-1.6878040592880609e-05,0.002,discharge,-7.2666231181717099e-06,-9.611417474708901e-06
0.22,-1.5847249726828781e-05,0.002,discharge,-6.9383451801235407e-06,-8.9089045467052419e-06
0.215,-1.4859554959903647e-05,0.002,discharge,-6.6181288254524757e-06,-8.241426134451171e-06
0.20999999999999999,-1.3915297427785385e-05,0.002,discharge,-6.3059868623909839e-06,-7.6093105653944e-06
0.20500000000000002,-1.3014496870739568e-05,0.002,discharge,-6.0019179749083957e-06,-7.0125788958311729e-06
0.20000000000000001,-1.2156879404326066e-05,0.002,discharge,-5.7059084772167803e-06,-6.4509709271092849e-06
0.19500000000000001,-1.134190690425663e-05,0.002,discharge,-5.4179340087978296e-06,-5.9239728954587996e-06
0.19,-1.0568807414498333e-05,0.002,discharge,-5.1379611599168293e-06,-5.4308462545815025e-06
0.185,-9.8366060152606705e-06,0.002,discharge,-4.8659490188467441e-06,-4.9706569964139263e-06
0.17999999999999999,-9.144155624599444e-06,0.002,discharge,-4.6018506332889347e-06,-4.5423049913105093e-06
0.17500000000000002,-8.4901672524057066e-06,0.002,discharge,-4.3456143797334731e-06,-4.1445528726722344e-06
0.17000000000000001,-7.873239276831722e-06,0.002,discharge,-4.0971852357383081e-06,-3.776054041093414e-06
0.16500000000000001,-7.2918853690242431e-06,0.002,discharge,-3.8565059513109165e-06,-3.435379417713327e-06
0.16,-6.744560750701776e-06,0.002,discharge,-3.6235181167379569e-06,-3.1210426339638191e-06
0.155,-6.2296865290112177e-06,0.002,discharge,-3.3981631253178503e-06,-2.831523403693367e-06
0.14999999999999999,-5.7456719127285573e-06,0.002,discharge,-3.1803830305004225e-06,-2.5652888822281347e-06
0.14499999999999999,-5.290934171867233e-06,0.002,discharge,-2.970121297919241e-06,-2.3208128739479919e-06
0.14000000000000001,-4.8639162579360927e-06,0.002,discharge,-2.767323453710509e-06,-2.0965928042255832e-06
0.13500000000000001,-4.4631020534418567e-06,0.002,discharge,-2.5719376313427368e-06,-1.8911644220991197e-06
0.13,-4.0870292659506926e-06,0.002,discharge,-2.3839150199306687e-06,-1.7031142460200239e-06
0.125,-3.7343000235016978e-06,0.002,discharge,-2.2032102176727674e-06,-1.5310898058289304e-06
0.12,-3.4035892639911984e-06,0.002,discharge,-2.0297814946332436e-06,-1.3738077693579546e-06
0.115,-3.093651041097299e-06,0.002,discharge,-1.8635909695869121e-06,-1.2300600715103869e-06
0.11,-2.8033228933410369e-06,0.002,discharge,-1.7046047060592541e-06,-1.0987181872817828e-06
0.105,-2.5315284410926302e-06,0.002,discharge,-1.5527927330268861e-06,-9.7873570806574393e-07
0.10000000000000001,-2.2772783889739991e-06,0.002,discharge,-1.4081289959977404e-06,-8.6914939297625872e-07
0.095000000000000001,-2.0396701185426321e-06,0.002,discharge,-1.2705912443693156e-06,-7.6907887417331649e-07
0.089999999999999997,-1.8178860588180996e-06,0.002,discharge,-1.1401608610711577e-06,-6.7772519774694204e-07
0.085000000000000006,-1.6111910206509967e-06,0.002,discharge,-1.016822640538985e-06,-5.9436838011201168e-07
0.080000000000000002,-1.4189286756995961e-06,0.002,discharge,-9.0056452104747498e-07,-5.1836415465212111e-07
0.074999999999999997,-1.240517352460991e-06,0.002,discharge,-7.9137727735194304e-07,-4.4914007510904805e-07
0.070000000000000007,-1.0754453109944924e-06,0.002,discharge,-6.8925417946152668e-07,-3.861911315329658e-07
0.065000000000000002,-9.2326564525626845e-07,0.002,discharge,-5.9419062319361218e-07,-3.2907502206265622e-07
0.059999999999999998,-7.835909478891797e-07,0.002,discharge,-5.0618373794686256e-07,-2.774072099423172e-07
0.055,-6.5608785739460031e-07,0.002,discharge,-4.252319768839355e-07,-2.3085588051066478e-07
0.050000000000000003,-5.4047159231953865e-07,0.002,discharge,-3.5133469444044786e-07,-1.8913689787909082e-07
0.044999999999999998,-4.3650056183337348e-07,0.002,discharge,-2.8449171577935232e-07,-1.5200884605402116e-07
0.040000000000000001,-3.4397112719586535e-07,0.002,discharge,-2.2470290249483039e-07,-1.1926822470103496e-07
0.035000000000000003,-2.6271257442332607e-07,0.002,discharge,-1.7196771854207806e-07,-9.0744855881247996e-08
0.029999999999999999,-1.9258234517421681e-07,0.002,discharge,-1.2628480003357462e-07,-6.6297545140642204e-08
0.025000000000000001,-1.3346156067261846e-07,0.002,discharge,-8.7651532202932107e-08,-4.5810028469686354e-08
0.02,-8.5250862487313807e-08,0.002,discharge,-5.6063636498178194e-08,-2.9187225989135606e-08
0.014999999999999999,-4.7866584255627682e-08,0.002,discharge,-3.1514770430930898e-08,-1.6351813824696784e-08
0.01,-2.1237260010759853e-08,0.002,discharge,-1.3996142479576708e-08,-7.2411175311831452e-09
0.0050000000000000001,-5.3004676274328367e-09,0.002,discharge,-3.4961440260948665e-09,-1.8043236013379704e-09
0,-0,0.002,discharge,-0,-0
